Code,NodeA,NodeB,NomV,Len,Equip,R,X,C,R0,X0,C0,Imax,Status,Phases,PhasesV,PhasesVI,Subest,Feeder,
L(R:106289642_1-DT0LV)                                   ,DT0LV                                          ,106289642_1  ,0.42  ,0.019 ,1P_UG_AL_2/0_Converse_0_120_0          ,0.00803 ,0.00521 ,0.38536  ,0.01137 ,0.04226 ,0.12678 ,270  ,1 ,A   ,A_LV   ,1_LV_90      ,sub_6271173a-9d78-4b65-96e8-a680e4caea0e_12.47 ,sub_6271173a-9d78-4b65-96e8-a680e4caea0e_12.47 -> DT0  ,
L(R:106289641_0-DM0)                                     ,DM0                                            ,106289641_0  ,0.42  ,0.019 ,1P_UG_AL_4/0_Sweetbriar_0_120_0        ,0.00520 ,0.00501 ,0.44123  ,0.00863 ,0.04304 ,0.12913 ,350  ,1 ,A   ,A_LV   ,1_LV_116.667 ,sub_6271173a-9d78-4b65-96e8-a680e4caea0e_12.47 ,sub_6271173a-9d78-4b65-96e8-a680e4caea0e_12.47 -> DT0  ,
L(R:DM0-DT0LV)                                           ,DT0LV                                          ,DM0          ,0.42  ,0.030 ,1P_UG_AL_4/0_Sweetbriar_0_120_0        ,0.00807 ,0.00778 ,0.68505  ,0.01340 ,0.06683 ,0.20048 ,350  ,1 ,A   ,A_LV   ,1_LV_116.667 ,sub_6271173a-9d78-4b65-96e8-a680e4caea0e_12.47 ,sub_6271173a-9d78-4b65-96e8-a680e4caea0e_12.47 -> DT0  ,
L(R:48_1-DM2)                                            ,DM2                                            ,48_1         ,0.42  ,0.013 ,1P_UG_AL_1/0_Brenau_0_120_0            ,0.00682 ,0.00360 ,0.24548  ,0.00906 ,0.02840 ,0.08519 ,235  ,1 ,A   ,A_LV   ,1_LV_78.3333 ,sub_6271173a-9d78-4b65-96e8-a680e4caea0e_12.47 ,sub_6271173a-9d78-4b65-96e8-a680e4caea0e_12.47 -> DT0  ,
L(R:DM2-DT0LV)                                           ,DT0LV                                          ,DM2          ,0.42  ,0.045 ,1P_UG_AL_1/0_Brenau_0_120_0            ,0.02436 ,0.01285 ,0.87669  ,0.03236 ,0.10142 ,0.30426 ,235  ,1 ,A   ,A_LV   ,1_LV_78.3333 ,sub_6271173a-9d78-4b65-96e8-a680e4caea0e_12.47 ,sub_6271173a-9d78-4b65-96e8-a680e4caea0e_12.47 -> DT0  ,
L(R:106289647_2-DM3)                                     ,DM3                                            ,106289647_2  ,0.42  ,0.012 ,1P_UG_AL_1/0_Brenau_0_120_0            ,0.00643 ,0.00339 ,0.23158  ,0.00855 ,0.02679 ,0.08037 ,235  ,1 ,C   ,C_LV   ,1_LV_78.3333 ,sub_6271173a-9d78-4b65-96e8-a680e4caea0e_12.47 ,sub_6271173a-9d78-4b65-96e8-a680e4caea0e_12.47 -> DT0  ,
L(R:548398908_7-DM3)                                     ,DM3                                            ,548398908_7  ,0.42  ,0.025 ,1P_UG_AL_1/0_Brenau_0_120_0            ,0.01361 ,0.00718 ,0.48982  ,0.01808 ,0.05666 ,0.16999 ,235  ,1 ,C   ,C_LV   ,1_LV_78.3333 ,sub_6271173a-9d78-4b65-96e8-a680e4caea0e_12.47 ,sub_6271173a-9d78-4b65-96e8-a680e4caea0e_12.47 -> DT0  ,
L(R:106693723_0-DM4)                                     ,DM4                                            ,106693723_0  ,0.42  ,0.012 ,1P_UG_AL_4/0_Sweetbriar_0_120_0        ,0.00317 ,0.00306 ,0.26943  ,0.00527 ,0.02628 ,0.07885 ,350  ,1 ,C   ,C_LV   ,1_LV_116.667 ,sub_6271173a-9d78-4b65-96e8-a680e4caea0e_12.47 ,sub_6271173a-9d78-4b65-96e8-a680e4caea0e_12.47 -> DT0  ,
L(R:DM3-DM4)                                             ,DM3                                            ,DM4          ,0.42  ,0.015 ,1P_UG_AL_4/0_Sweetbriar_0_120_0        ,0.00404 ,0.00389 ,0.34257  ,0.00670 ,0.03342 ,0.10025 ,350  ,1 ,C   ,C_LV   ,1_LV_116.667 ,sub_6271173a-9d78-4b65-96e8-a680e4caea0e_12.47 ,sub_6271173a-9d78-4b65-96e8-a680e4caea0e_12.47 -> DT0  ,
L(R:DM3-DT1LV)                                           ,DT1LV                                          ,DM3          ,0.42  ,0.015 ,1P_UG_AL_4/0_Sweetbriar_0_120_0        ,0.00404 ,0.00389 ,0.34257  ,0.00670 ,0.03342 ,0.10025 ,350  ,1 ,C   ,C_LV   ,1_LV_116.667 ,sub_6271173a-9d78-4b65-96e8-a680e4caea0e_12.47 ,sub_6271173a-9d78-4b65-96e8-a680e4caea0e_12.47 -> DT0  ,
L(R:542939242_3-DM5)                                     ,DM5                                            ,542939242_3  ,0.42  ,0.012 ,1P_UG_AL_4/0_Sweetbriar_0_120_0        ,0.00322 ,0.00310 ,0.27312  ,0.00534 ,0.02664 ,0.07993 ,350  ,1 ,C   ,C_LV   ,1_LV_116.667 ,sub_6271173a-9d78-4b65-96e8-a680e4caea0e_12.47 ,sub_6271173a-9d78-4b65-96e8-a680e4caea0e_12.47 -> DT0  ,
L(R:DM5-DT1LV)                                           ,DT1LV                                          ,DM5          ,0.42  ,0.045 ,1P_UG_AL_4/0_Sweetbriar_0_120_0        ,0.01211 ,0.01167 ,1.02772  ,0.02010 ,0.10025 ,0.30076 ,350  ,1 ,C   ,C_LV   ,1_LV_116.667 ,sub_6271173a-9d78-4b65-96e8-a680e4caea0e_12.47 ,sub_6271173a-9d78-4b65-96e8-a680e4caea0e_12.47 -> DT0  ,
L(R:548402417_4-DT3LV)                                   ,DT3LV                                          ,548402417_4  ,0.42  ,0.012 ,1P_UG_AL_1/0_Brenau_0_120_0            ,0.00637 ,0.00336 ,0.22907  ,0.00845 ,0.02650 ,0.07950 ,235  ,1 ,A   ,A_LV   ,1_LV_78.3333 ,sub_6271173a-9d78-4b65-96e8-a680e4caea0e_12.47 ,sub_6271173a-9d78-4b65-96e8-a680e4caea0e_12.47 -> DT0  ,
L(R:106297267_0-DM8)                                     ,DM8                                            ,106297267_0  ,0.42  ,0.031 ,1P_UG_AL_1/0_Brenau_0_120_0            ,0.01657 ,0.00874 ,0.59648  ,0.02201 ,0.06900 ,0.20701 ,235  ,1 ,A   ,A_LV   ,1_LV_78.3333 ,sub_6271173a-9d78-4b65-96e8-a680e4caea0e_12.47 ,sub_6271173a-9d78-4b65-96e8-a680e4caea0e_12.47 -> DT0  ,
L(R:DM8-DT3LV)                                           ,DT3LV                                          ,DM8          ,0.42  ,0.074 ,1P_UG_AL_1/0_Brenau_0_120_0            ,0.04014 ,0.02116 ,1.44444  ,0.05331 ,0.16710 ,0.50130 ,235  ,1 ,A   ,A_LV   ,1_LV_78.3333 ,sub_6271173a-9d78-4b65-96e8-a680e4caea0e_12.47 ,sub_6271173a-9d78-4b65-96e8-a680e4caea0e_12.47 -> DT0  ,
L(R:542938097_0-DM9)                                     ,DM9                                            ,542938097_0  ,0.42  ,0.011 ,1P_UG_AL_1/0_Brenau_0_120_0            ,0.00580 ,0.00306 ,0.20872  ,0.00770 ,0.02415 ,0.07244 ,235  ,1 ,A   ,A_LV   ,1_LV_78.3333 ,sub_6271173a-9d78-4b65-96e8-a680e4caea0e_12.47 ,sub_6271173a-9d78-4b65-96e8-a680e4caea0e_12.47 -> DT0  ,
L(R:37_3-DM11)                                           ,DM11                                           ,37_3         ,0.42  ,0.013 ,1P_UG_AL_1/0_Brenau_0_120_0            ,0.00684 ,0.00361 ,0.24628  ,0.00909 ,0.02849 ,0.08547 ,235  ,1 ,A   ,A_LV   ,1_LV_78.3333 ,sub_6271173a-9d78-4b65-96e8-a680e4caea0e_12.47 ,sub_6271173a-9d78-4b65-96e8-a680e4caea0e_12.47 -> DT0  ,
L(R:DM11-DM9)                                            ,DM9                                            ,DM11         ,0.42  ,0.015 ,1P_UG_AL_1/0_Brenau_0_120_0            ,0.00812 ,0.00428 ,0.29225  ,0.01079 ,0.03381 ,0.10142 ,235  ,1 ,A   ,A_LV   ,1_LV_78.3333 ,sub_6271173a-9d78-4b65-96e8-a680e4caea0e_12.47 ,sub_6271173a-9d78-4b65-96e8-a680e4caea0e_12.47 -> DT0  ,
L(R:DM9-DT3LV)                                           ,DT3LV                                          ,DM9          ,0.42  ,0.015 ,1P_UG_AL_1/0_Brenau_0_120_0            ,0.00812 ,0.00428 ,0.29225  ,0.01079 ,0.03381 ,0.10142 ,235  ,1 ,A   ,A_LV   ,1_LV_78.3333 ,sub_6271173a-9d78-4b65-96e8-a680e4caea0e_12.47 ,sub_6271173a-9d78-4b65-96e8-a680e4caea0e_12.47 -> DT0  ,
L(R:106693710_1-DT4LV)                                   ,DT4LV                                          ,106693710_1  ,0.42  ,0.011 ,1P_UG_AL_2/0_Converse_0_120_0          ,0.00454 ,0.00295 ,0.21811  ,0.00644 ,0.02392 ,0.07176 ,270  ,1 ,B   ,B_LV   ,1_LV_90      ,sub_6271173a-9d78-4b65-96e8-a680e4caea0e_12.47 ,sub_6271173a-9d78-4b65-96e8-a680e4caea0e_12.47 -> DT0  ,
L(R:548402418_13-DT4LV)                                  ,DT4LV                                          ,548402418_13 ,0.42  ,0.009 ,1P_UG_AL_1/0_Brenau_0_120_0            ,0.00486 ,0.00256 ,0.17499  ,0.00646 ,0.02024 ,0.06073 ,235  ,1 ,B   ,B_LV   ,1_LV_78.3333 ,sub_6271173a-9d78-4b65-96e8-a680e4caea0e_12.47 ,sub_6271173a-9d78-4b65-96e8-a680e4caea0e_12.47 -> DT0  ,
L(R:106693726_0-DM13)                                    ,DM13                                           ,106693726_0  ,0.42  ,0.011 ,1P_UG_AL_1/0_Brenau_0_120_0            ,0.00581 ,0.00306 ,0.20899  ,0.00771 ,0.02418 ,0.07253 ,235  ,1 ,B   ,B_LV   ,1_LV_78.3333 ,sub_6271173a-9d78-4b65-96e8-a680e4caea0e_12.47 ,sub_6271173a-9d78-4b65-96e8-a680e4caea0e_12.47 -> DT0  ,
L(R:DM13-DT4LV)                                          ,DT4LV                                          ,DM13         ,0.42  ,0.015 ,1P_UG_AL_1/0_Brenau_0_120_0            ,0.00812 ,0.00428 ,0.29227  ,0.01079 ,0.03381 ,0.10143 ,235  ,1 ,B   ,B_LV   ,1_LV_78.3333 ,sub_6271173a-9d78-4b65-96e8-a680e4caea0e_12.47 ,sub_6271173a-9d78-4b65-96e8-a680e4caea0e_12.47 -> DT0  ,
L(R:106693739_3-DM14)                                    ,DM14                                           ,106693739_3  ,0.42  ,0.010 ,1P_UG_AL_4/0_Sweetbriar_0_120_0        ,0.00259 ,0.00250 ,0.22003  ,0.00430 ,0.02146 ,0.06439 ,350  ,1 ,B   ,B_LV   ,1_LV_116.667 ,sub_6271173a-9d78-4b65-96e8-a680e4caea0e_12.47 ,sub_6271173a-9d78-4b65-96e8-a680e4caea0e_12.47 -> DT0  ,
L(R:DM14-DT4LV)                                          ,DT4LV                                          ,DM14         ,0.42  ,0.015 ,1P_UG_AL_4/0_Sweetbriar_0_120_0        ,0.00404 ,0.00389 ,0.34257  ,0.00670 ,0.03342 ,0.10025 ,350  ,1 ,B   ,B_LV   ,1_LV_116.667 ,sub_6271173a-9d78-4b65-96e8-a680e4caea0e_12.47 ,sub_6271173a-9d78-4b65-96e8-a680e4caea0e_12.47 -> DT0  ,
L(R:106693735_3-DT5LV)                                   ,DT5LV                                          ,106693735_3  ,0.42  ,0.009 ,1P_UG_AL_2/0_Converse_0_120_0          ,0.00391 ,0.00254 ,0.18756  ,0.00554 ,0.02057 ,0.06171 ,270  ,1 ,B   ,B_LV   ,1_LV_90      ,sub_6271173a-9d78-4b65-96e8-a680e4caea0e_12.47 ,sub_6271173a-9d78-4b65-96e8-a680e4caea0e_12.47 -> DT0  ,
L(R:549989601_0-DT5LV)                                   ,DT5LV                                          ,549989601_0  ,0.42  ,0.010 ,1P_UG_AL_1/0_Brenau_0_120_0            ,0.00531 ,0.00280 ,0.19127  ,0.00706 ,0.02213 ,0.06638 ,235  ,1 ,B   ,B_LV   ,1_LV_78.3333 ,sub_6271173a-9d78-4b65-96e8-a680e4caea0e_12.47 ,sub_6271173a-9d78-4b65-96e8-a680e4caea0e_12.47 -> DT0  ,
L(R:12_1-DT5LV)                                          ,DT5LV                                          ,12_1         ,0.42  ,0.012 ,1P_UG_AL_1/0_Brenau_0_120_0            ,0.00653 ,0.00344 ,0.23487  ,0.00867 ,0.02717 ,0.08151 ,235  ,1 ,B   ,B_LV   ,1_LV_78.3333 ,sub_6271173a-9d78-4b65-96e8-a680e4caea0e_12.47 ,sub_6271173a-9d78-4b65-96e8-a680e4caea0e_12.47 -> DT0  ,
L(R:12600000_24-DM18)                                    ,DM18                                           ,12600000_24  ,0.42  ,0.010 ,1P_UG_AL_2/0_Converse_0_120_0          ,0.00443 ,0.00287 ,0.21251  ,0.00627 ,0.02330 ,0.06991 ,270  ,1 ,B   ,B_LV   ,1_LV_90      ,sub_6271173a-9d78-4b65-96e8-a680e4caea0e_12.47 ,sub_6271173a-9d78-4b65-96e8-a680e4caea0e_12.47 -> DT0  ,
L(R:DM18-DT5LV)                                          ,DT5LV                                          ,DM18         ,0.42  ,0.015 ,1P_UG_AL_2/0_Converse_0_120_0          ,0.00640 ,0.00415 ,0.30709  ,0.00906 ,0.03368 ,0.10103 ,270  ,1 ,B   ,B_LV   ,1_LV_90      ,sub_6271173a-9d78-4b65-96e8-a680e4caea0e_12.47 ,sub_6271173a-9d78-4b65-96e8-a680e4caea0e_12.47 -> DT0  ,
L(R:71_3-DM20)                                           ,DM20                                           ,71_3         ,0.42  ,0.012 ,1P_UG_AL_1/0_Brenau_0_120_0            ,0.00650 ,0.00343 ,0.23402  ,0.00864 ,0.02707 ,0.08122 ,235  ,1 ,B   ,B_LV   ,1_LV_78.3333 ,sub_6271173a-9d78-4b65-96e8-a680e4caea0e_12.47 ,sub_6271173a-9d78-4b65-96e8-a680e4caea0e_12.47 -> DT0  ,
L(R:DM20-DT5LV)                                          ,DT5LV                                          ,DM20         ,0.42  ,0.045 ,1P_UG_AL_1/0_Brenau_0_120_0            ,0.02436 ,0.01285 ,0.87674  ,0.03236 ,0.10142 ,0.30427 ,235  ,1 ,B   ,B_LV   ,1_LV_78.3333 ,sub_6271173a-9d78-4b65-96e8-a680e4caea0e_12.47 ,sub_6271173a-9d78-4b65-96e8-a680e4caea0e_12.47 -> DT0  ,
L(R:56_3-DT6LV)                                          ,DT6LV                                          ,56_3         ,0.42  ,0.012 ,1P_UG_AL_1/0_Brenau_0_120_0            ,0.00660 ,0.00348 ,0.23755  ,0.00877 ,0.02748 ,0.08244 ,235  ,1 ,C   ,C_LV   ,1_LV_78.3333 ,sub_6271173a-9d78-4b65-96e8-a680e4caea0e_12.47 ,sub_6271173a-9d78-4b65-96e8-a680e4caea0e_12.47 -> DT19 ,
L(R:107_2-DT6LV)                                         ,DT6LV                                          ,107_2        ,0.42  ,0.011 ,1P_UG_AL_1/0_Brenau_0_120_0            ,0.00613 ,0.00323 ,0.22072  ,0.00815 ,0.02553 ,0.07660 ,235  ,1 ,C   ,C_LV   ,1_LV_78.3333 ,sub_6271173a-9d78-4b65-96e8-a680e4caea0e_12.47 ,sub_6271173a-9d78-4b65-96e8-a680e4caea0e_12.47 -> DT19 ,
L(R:1100000_3-DM21)                                      ,DM21                                           ,1100000_3    ,0.42  ,0.026 ,1P_UG_AL_1/0_Brenau_0_120_0            ,0.01426 ,0.00752 ,0.51305  ,0.01894 ,0.05935 ,0.17805 ,235  ,1 ,C   ,C_LV   ,1_LV_78.3333 ,sub_6271173a-9d78-4b65-96e8-a680e4caea0e_12.47 ,sub_6271173a-9d78-4b65-96e8-a680e4caea0e_12.47 -> DT19 ,
L(R:55_3-DM21)                                           ,DM21                                           ,55_3         ,0.42  ,0.012 ,1P_UG_AL_1/0_Brenau_0_120_0            ,0.00666 ,0.00351 ,0.23979  ,0.00885 ,0.02774 ,0.08322 ,235  ,1 ,C   ,C_LV   ,1_LV_78.3333 ,sub_6271173a-9d78-4b65-96e8-a680e4caea0e_12.47 ,sub_6271173a-9d78-4b65-96e8-a680e4caea0e_12.47 -> DT19 ,
L(R:DM21-DT6LV)                                          ,DT6LV                                          ,DM21         ,0.42  ,0.015 ,1P_UG_AL_1/0_Brenau_0_120_0            ,0.00812 ,0.00428 ,0.29227  ,0.01079 ,0.03381 ,0.10143 ,235  ,1 ,C   ,C_LV   ,1_LV_78.3333 ,sub_6271173a-9d78-4b65-96e8-a680e4caea0e_12.47 ,sub_6271173a-9d78-4b65-96e8-a680e4caea0e_12.47 -> DT19 ,
L(R:54_0-DM25)                                           ,DM25                                           ,54_0         ,0.42  ,0.013 ,1P_UG_AL_1/0_Brenau_0_120_0            ,0.00710 ,0.00374 ,0.25540  ,0.00943 ,0.02955 ,0.08864 ,235  ,1 ,C   ,C_LV   ,1_LV_78.3333 ,sub_6271173a-9d78-4b65-96e8-a680e4caea0e_12.47 ,sub_6271173a-9d78-4b65-96e8-a680e4caea0e_12.47 -> DT19 ,
L(R:118_0-DM25)                                          ,DM25                                           ,118_0        ,0.42  ,0.014 ,1P_UG_AL_1/0_Brenau_0_120_0            ,0.00740 ,0.00390 ,0.26628  ,0.00983 ,0.03080 ,0.09241 ,235  ,1 ,C   ,C_LV   ,1_LV_78.3333 ,sub_6271173a-9d78-4b65-96e8-a680e4caea0e_12.47 ,sub_6271173a-9d78-4b65-96e8-a680e4caea0e_12.47 -> DT19 ,
L(R:52_5-DM24)                                           ,DM24                                           ,52_5         ,0.42  ,0.013 ,1P_UG_AL_1/0_Brenau_0_120_0            ,0.00704 ,0.00371 ,0.25342  ,0.00935 ,0.02932 ,0.08795 ,235  ,1 ,C   ,C_LV   ,1_LV_78.3333 ,sub_6271173a-9d78-4b65-96e8-a680e4caea0e_12.47 ,sub_6271173a-9d78-4b65-96e8-a680e4caea0e_12.47 -> DT19 ,
L(R:51_1-DM23)                                           ,DM23                                           ,51_1         ,0.42  ,0.010 ,1P_UG_AL_1/0_Brenau_0_120_0            ,0.00568 ,0.00300 ,0.20451  ,0.00755 ,0.02366 ,0.07098 ,235  ,1 ,C   ,C_LV   ,1_LV_78.3333 ,sub_6271173a-9d78-4b65-96e8-a680e4caea0e_12.47 ,sub_6271173a-9d78-4b65-96e8-a680e4caea0e_12.47 -> DT19 ,
L(R:DM23-DM24)                                           ,DM24                                           ,DM23         ,0.42  ,0.015 ,1P_UG_AL_1/0_Brenau_0_120_0            ,0.00812 ,0.00428 ,0.29227  ,0.01079 ,0.03381 ,0.10143 ,235  ,1 ,C   ,C_LV   ,1_LV_78.3333 ,sub_6271173a-9d78-4b65-96e8-a680e4caea0e_12.47 ,sub_6271173a-9d78-4b65-96e8-a680e4caea0e_12.47 -> DT19 ,
L(R:DM24-DM25)                                           ,DM25                                           ,DM24         ,0.42  ,0.015 ,1P_UG_AL_1/0_Brenau_0_120_0            ,0.00812 ,0.00428 ,0.29227  ,0.01079 ,0.03381 ,0.10143 ,235  ,1 ,C   ,C_LV   ,1_LV_78.3333 ,sub_6271173a-9d78-4b65-96e8-a680e4caea0e_12.47 ,sub_6271173a-9d78-4b65-96e8-a680e4caea0e_12.47 -> DT19 ,
L(R:DM25-DT6LV)                                          ,DT6LV                                          ,DM25         ,0.42  ,0.030 ,1P_UG_AL_1/0_Brenau_0_120_0            ,0.01624 ,0.00856 ,0.58454  ,0.02157 ,0.06762 ,0.20287 ,235  ,1 ,C   ,C_LV   ,1_LV_78.3333 ,sub_6271173a-9d78-4b65-96e8-a680e4caea0e_12.47 ,sub_6271173a-9d78-4b65-96e8-a680e4caea0e_12.47 -> DT19 ,
L(R:61_3-DM30)                                           ,DM30                                           ,61_3         ,0.42  ,0.012 ,1P_UG_AL_1/0_Brenau_0_120_0            ,0.00657 ,0.00346 ,0.23628  ,0.00872 ,0.02733 ,0.08200 ,235  ,1 ,C   ,C_LV   ,1_LV_78.3333 ,sub_6271173a-9d78-4b65-96e8-a680e4caea0e_12.47 ,sub_6271173a-9d78-4b65-96e8-a680e4caea0e_12.47 -> DT19 ,
L(R:548398899_2-DM22)                                    ,DM22                                           ,548398899_2  ,0.42  ,0.013 ,1P_UG_AL_1/0_Brenau_0_120_0            ,0.00689 ,0.00363 ,0.24788  ,0.00915 ,0.02868 ,0.08603 ,235  ,1 ,C   ,C_LV   ,1_LV_78.3333 ,sub_6271173a-9d78-4b65-96e8-a680e4caea0e_12.47 ,sub_6271173a-9d78-4b65-96e8-a680e4caea0e_12.47 -> DT19 ,
L(R:59_0-DM22)                                           ,DM22                                           ,59_0         ,0.42  ,0.015 ,1P_UG_AL_1/0_Brenau_0_120_0            ,0.00789 ,0.00416 ,0.28380  ,0.01047 ,0.03283 ,0.09849 ,235  ,1 ,C   ,C_LV   ,1_LV_78.3333 ,sub_6271173a-9d78-4b65-96e8-a680e4caea0e_12.47 ,sub_6271173a-9d78-4b65-96e8-a680e4caea0e_12.47 -> DT19 ,
L(R:58_3-DM28)                                           ,DM28                                           ,58_3         ,0.42  ,0.015 ,1P_UG_AL_1/0_Brenau_0_120_0            ,0.00823 ,0.00434 ,0.29615  ,0.01093 ,0.03426 ,0.10278 ,235  ,1 ,C   ,C_LV   ,1_LV_78.3333 ,sub_6271173a-9d78-4b65-96e8-a680e4caea0e_12.47 ,sub_6271173a-9d78-4b65-96e8-a680e4caea0e_12.47 -> DT19 ,
L(R:65_1-DM28)                                           ,DM28                                           ,65_1         ,0.42  ,0.013 ,1P_UG_AL_1/0_Brenau_0_120_0            ,0.00696 ,0.00367 ,0.25053  ,0.00925 ,0.02898 ,0.08695 ,235  ,1 ,C   ,C_LV   ,1_LV_78.3333 ,sub_6271173a-9d78-4b65-96e8-a680e4caea0e_12.47 ,sub_6271173a-9d78-4b65-96e8-a680e4caea0e_12.47 -> DT19 ,
L(R:64_1-DM31)                                           ,DM31                                           ,64_1         ,0.42  ,0.028 ,1P_UG_AL_1/0_Brenau_0_120_0            ,0.01493 ,0.00787 ,0.53737  ,0.01983 ,0.06217 ,0.18650 ,235  ,1 ,C   ,C_LV   ,1_LV_78.3333 ,sub_6271173a-9d78-4b65-96e8-a680e4caea0e_12.47 ,sub_6271173a-9d78-4b65-96e8-a680e4caea0e_12.47 -> DT19 ,
L(R:DM28-DM31)                                           ,DM28                                           ,DM31         ,0.42  ,0.015 ,1P_UG_AL_1/0_Brenau_0_120_0            ,0.00812 ,0.00428 ,0.29227  ,0.01079 ,0.03381 ,0.10143 ,235  ,1 ,C   ,C_LV   ,1_LV_78.3333 ,sub_6271173a-9d78-4b65-96e8-a680e4caea0e_12.47 ,sub_6271173a-9d78-4b65-96e8-a680e4caea0e_12.47 -> DT19 ,
L(R:DM22-DM28)                                           ,DM22                                           ,DM28         ,0.42  ,0.015 ,1P_UG_AL_1/0_Brenau_0_120_0            ,0.00812 ,0.00428 ,0.29227  ,0.01079 ,0.03381 ,0.10143 ,235  ,1 ,C   ,C_LV   ,1_LV_78.3333 ,sub_6271173a-9d78-4b65-96e8-a680e4caea0e_12.47 ,sub_6271173a-9d78-4b65-96e8-a680e4caea0e_12.47 -> DT19 ,
L(R:DM22-DM30)                                           ,DM30                                           ,DM22         ,0.42  ,0.015 ,1P_UG_AL_2/0_Converse_0_120_0          ,0.00640 ,0.00415 ,0.30712  ,0.00906 ,0.03368 ,0.10104 ,270  ,1 ,C   ,C_LV   ,1_LV_90      ,sub_6271173a-9d78-4b65-96e8-a680e4caea0e_12.47 ,sub_6271173a-9d78-4b65-96e8-a680e4caea0e_12.47 -> DT19 ,
L(R:DM30-DT6LV)                                          ,DT6LV                                          ,DM30         ,0.42  ,0.015 ,1P_UG_AL_4/0_Sweetbriar_0_120_0        ,0.00404 ,0.00389 ,0.34257  ,0.00670 ,0.03342 ,0.10025 ,350  ,1 ,C   ,C_LV   ,1_LV_116.667 ,sub_6271173a-9d78-4b65-96e8-a680e4caea0e_12.47 ,sub_6271173a-9d78-4b65-96e8-a680e4caea0e_12.47 -> DT19 ,
L(R:535644227_7-DT7LV)                                   ,DT7LV                                          ,535644227_7  ,0.42  ,0.019 ,1P_UG_AL_4/0_Sweetbriar_0_120_0        ,0.00517 ,0.00498 ,0.43903  ,0.00859 ,0.04283 ,0.12848 ,350  ,1 ,B   ,B_LV   ,1_LV_116.667 ,sub_6271173a-9d78-4b65-96e8-a680e4caea0e_12.47 ,sub_6271173a-9d78-4b65-96e8-a680e4caea0e_12.47 -> DT0  ,
L(R:549989606_8-DT7LV)                                   ,DT7LV                                          ,549989606_8  ,0.42  ,0.011 ,1P_UG_AL_1/0_Brenau_0_120_0            ,0.00596 ,0.00314 ,0.21444  ,0.00791 ,0.02481 ,0.07442 ,235  ,1 ,B   ,B_LV   ,1_LV_78.3333 ,sub_6271173a-9d78-4b65-96e8-a680e4caea0e_12.47 ,sub_6271173a-9d78-4b65-96e8-a680e4caea0e_12.47 -> DT0  ,
L(R:24_3-DT8LV)                                          ,DT8LV                                          ,24_3         ,0.42  ,0.014 ,1P_UG_AL_1/0_Brenau_0_120_0            ,0.00739 ,0.00390 ,0.26590  ,0.00981 ,0.03076 ,0.09228 ,235  ,1 ,A   ,A_LV   ,1_LV_78.3333 ,sub_6271173a-9d78-4b65-96e8-a680e4caea0e_12.47 ,sub_6271173a-9d78-4b65-96e8-a680e4caea0e_12.47 -> DT19 ,
L(R:540123657_1-DM37)                                    ,DM37                                           ,540123657_1  ,0.42  ,0.014 ,1P_UG_AL_1/0_Brenau_0_120_0            ,0.00764 ,0.00403 ,0.27489  ,0.01015 ,0.03180 ,0.09540 ,235  ,1 ,A   ,A_LV   ,1_LV_78.3333 ,sub_6271173a-9d78-4b65-96e8-a680e4caea0e_12.47 ,sub_6271173a-9d78-4b65-96e8-a680e4caea0e_12.47 -> DT19 ,
L(R:25_2-DM37)                                           ,DM37                                           ,25_2         ,0.42  ,0.014 ,1P_UG_AL_1/0_Brenau_0_120_0            ,0.00774 ,0.00408 ,0.27859  ,0.01028 ,0.03223 ,0.09669 ,235  ,1 ,A   ,A_LV   ,1_LV_78.3333 ,sub_6271173a-9d78-4b65-96e8-a680e4caea0e_12.47 ,sub_6271173a-9d78-4b65-96e8-a680e4caea0e_12.47 -> DT19 ,
L(R:28_1-DM43)                                           ,DM43                                           ,28_1         ,0.42  ,0.013 ,1P_UG_AL_1/0_Brenau_0_120_0            ,0.00683 ,0.00360 ,0.24568  ,0.00907 ,0.02842 ,0.08526 ,235  ,1 ,A   ,A_LV   ,1_LV_78.3333 ,sub_6271173a-9d78-4b65-96e8-a680e4caea0e_12.47 ,sub_6271173a-9d78-4b65-96e8-a680e4caea0e_12.47 -> DT19 ,
L(R:27_1-DM42)                                           ,DM42                                           ,27_1         ,0.42  ,0.012 ,1P_UG_AL_1/0_Brenau_0_120_0            ,0.00643 ,0.00339 ,0.23144  ,0.00854 ,0.02677 ,0.08032 ,235  ,1 ,A   ,A_LV   ,1_LV_78.3333 ,sub_6271173a-9d78-4b65-96e8-a680e4caea0e_12.47 ,sub_6271173a-9d78-4b65-96e8-a680e4caea0e_12.47 -> DT19 ,
L(R:DM42-DM43)                                           ,DM43                                           ,DM42         ,0.42  ,0.015 ,1P_UG_AL_1/0_Brenau_0_120_0            ,0.00812 ,0.00428 ,0.29225  ,0.01079 ,0.03381 ,0.10142 ,235  ,1 ,A   ,A_LV   ,1_LV_78.3333 ,sub_6271173a-9d78-4b65-96e8-a680e4caea0e_12.47 ,sub_6271173a-9d78-4b65-96e8-a680e4caea0e_12.47 -> DT19 ,
L(R:DM37-DM43)                                           ,DM37                                           ,DM43         ,0.42  ,0.030 ,1P_UG_AL_1/0_Brenau_0_120_0            ,0.01624 ,0.00856 ,0.58449  ,0.02157 ,0.06762 ,0.20285 ,235  ,1 ,A   ,A_LV   ,1_LV_78.3333 ,sub_6271173a-9d78-4b65-96e8-a680e4caea0e_12.47 ,sub_6271173a-9d78-4b65-96e8-a680e4caea0e_12.47 -> DT19 ,
L(R:DM37-DT8LV)                                          ,DT8LV                                          ,DM37         ,0.42  ,0.015 ,1P_UG_AL_1/0_Brenau_0_120_0            ,0.00812 ,0.00428 ,0.29225  ,0.01079 ,0.03381 ,0.10142 ,235  ,1 ,A   ,A_LV   ,1_LV_78.3333 ,sub_6271173a-9d78-4b65-96e8-a680e4caea0e_12.47 ,sub_6271173a-9d78-4b65-96e8-a680e4caea0e_12.47 -> DT19 ,
L(R:22_2-DM39)                                           ,DM39                                           ,22_2         ,0.42  ,0.014 ,1P_UG_AL_1/0_Brenau_0_120_0            ,0.00750 ,0.00395 ,0.26985  ,0.00996 ,0.03122 ,0.09365 ,235  ,1 ,A   ,A_LV   ,1_LV_78.3333 ,sub_6271173a-9d78-4b65-96e8-a680e4caea0e_12.47 ,sub_6271173a-9d78-4b65-96e8-a680e4caea0e_12.47 -> DT19 ,
L(R:21_2-DM38)                                           ,DM38                                           ,21_2         ,0.42  ,0.013 ,1P_UG_AL_1/0_Brenau_0_120_0            ,0.00702 ,0.00370 ,0.25268  ,0.00933 ,0.02923 ,0.08769 ,235  ,1 ,A   ,A_LV   ,1_LV_78.3333 ,sub_6271173a-9d78-4b65-96e8-a680e4caea0e_12.47 ,sub_6271173a-9d78-4b65-96e8-a680e4caea0e_12.47 -> DT19 ,
L(R:112_2-DM44)                                          ,DM44                                           ,112_2        ,0.42  ,0.012 ,1P_UG_AL_1/0_Brenau_0_120_0            ,0.00655 ,0.00345 ,0.23579  ,0.00870 ,0.02728 ,0.08183 ,235  ,1 ,A   ,A_LV   ,1_LV_78.3333 ,sub_6271173a-9d78-4b65-96e8-a680e4caea0e_12.47 ,sub_6271173a-9d78-4b65-96e8-a680e4caea0e_12.47 -> DT19 ,
L(R:DM38-DM44)                                           ,DM38                                           ,DM44         ,0.42  ,0.015 ,1P_UG_AL_1/0_Brenau_0_120_0            ,0.00812 ,0.00428 ,0.29225  ,0.01079 ,0.03381 ,0.10142 ,235  ,1 ,A   ,A_LV   ,1_LV_78.3333 ,sub_6271173a-9d78-4b65-96e8-a680e4caea0e_12.47 ,sub_6271173a-9d78-4b65-96e8-a680e4caea0e_12.47 -> DT19 ,
L(R:DM38-DM39)                                           ,DM39                                           ,DM38         ,0.42  ,0.015 ,1P_UG_AL_1/0_Brenau_0_120_0            ,0.00812 ,0.00428 ,0.29225  ,0.01079 ,0.03381 ,0.10142 ,235  ,1 ,A   ,A_LV   ,1_LV_78.3333 ,sub_6271173a-9d78-4b65-96e8-a680e4caea0e_12.47 ,sub_6271173a-9d78-4b65-96e8-a680e4caea0e_12.47 -> DT19 ,
L(R:DM39-DT8LV)                                          ,DT8LV                                          ,DM39         ,0.42  ,0.015 ,1P_UG_AL_1/0_Brenau_0_120_0            ,0.00812 ,0.00428 ,0.29225  ,0.01079 ,0.03381 ,0.10142 ,235  ,1 ,A   ,A_LV   ,1_LV_78.3333 ,sub_6271173a-9d78-4b65-96e8-a680e4caea0e_12.47 ,sub_6271173a-9d78-4b65-96e8-a680e4caea0e_12.47 -> DT19 ,
L(R:542938089_9-DM45)                                    ,DM45                                           ,542938089_9  ,0.42  ,0.012 ,1P_UG_AL_1/0_Brenau_0_120_0            ,0.00629 ,0.00332 ,0.22634  ,0.00835 ,0.02618 ,0.07855 ,235  ,1 ,B   ,B_LV   ,1_LV_78.3333 ,sub_6271173a-9d78-4b65-96e8-a680e4caea0e_12.47 ,sub_6271173a-9d78-4b65-96e8-a680e4caea0e_12.47 -> DT0  ,
L(R:DM45-DT9LV)                                          ,DT9LV                                          ,DM45         ,0.42  ,0.030 ,1P_UG_AL_1/0_Brenau_0_120_0            ,0.01624 ,0.00857 ,0.58457  ,0.02158 ,0.06763 ,0.20288 ,235  ,1 ,B   ,B_LV   ,1_LV_78.3333 ,sub_6271173a-9d78-4b65-96e8-a680e4caea0e_12.47 ,sub_6271173a-9d78-4b65-96e8-a680e4caea0e_12.47 -> DT0  ,
L(R:549934805_2-DM46)                                    ,DM46                                           ,549934805_2  ,0.42  ,0.010 ,1P_UG_AL_1/0_Brenau_0_120_0            ,0.00534 ,0.00281 ,0.19203  ,0.00709 ,0.02221 ,0.06664 ,235  ,1 ,B   ,B_LV   ,1_LV_78.3333 ,sub_6271173a-9d78-4b65-96e8-a680e4caea0e_12.47 ,sub_6271173a-9d78-4b65-96e8-a680e4caea0e_12.47 -> DT0  ,
L(R:DM46-DT9LV)                                          ,DT9LV                                          ,DM46         ,0.42  ,0.030 ,1P_UG_AL_1/0_Brenau_0_120_0            ,0.01624 ,0.00857 ,0.58457  ,0.02158 ,0.06763 ,0.20288 ,235  ,1 ,B   ,B_LV   ,1_LV_78.3333 ,sub_6271173a-9d78-4b65-96e8-a680e4caea0e_12.47 ,sub_6271173a-9d78-4b65-96e8-a680e4caea0e_12.47 -> DT0  ,
L(R:542938090_0-DM47)                                    ,DM47                                           ,542938090_0  ,0.42  ,0.012 ,1P_UG_AL_2/0_Converse_0_120_0          ,0.00530 ,0.00344 ,0.25446  ,0.00751 ,0.02791 ,0.08372 ,270  ,1 ,B   ,B_LV   ,1_LV_90      ,sub_6271173a-9d78-4b65-96e8-a680e4caea0e_12.47 ,sub_6271173a-9d78-4b65-96e8-a680e4caea0e_12.47 -> DT0  ,
L(R:549934795_1-DM48)                                    ,DM48                                           ,549934795_1  ,0.42  ,0.013 ,1P_UG_AL_1/0_Brenau_0_120_0            ,0.00700 ,0.00369 ,0.25176  ,0.00929 ,0.02912 ,0.08737 ,235  ,1 ,B   ,B_LV   ,1_LV_78.3333 ,sub_6271173a-9d78-4b65-96e8-a680e4caea0e_12.47 ,sub_6271173a-9d78-4b65-96e8-a680e4caea0e_12.47 -> DT0  ,
L(R:DM47-DM48)                                           ,DM47                                           ,DM48         ,0.42  ,0.015 ,1P_UG_AL_1/0_Brenau_0_120_0            ,0.00812 ,0.00428 ,0.29228  ,0.01079 ,0.03381 ,0.10144 ,235  ,1 ,B   ,B_LV   ,1_LV_78.3333 ,sub_6271173a-9d78-4b65-96e8-a680e4caea0e_12.47 ,sub_6271173a-9d78-4b65-96e8-a680e4caea0e_12.47 -> DT0  ,
L(R:DM47-DT10LV)                                         ,DT10LV                                         ,DM47         ,0.42  ,0.015 ,1P_UG_AL_4/0_Sweetbriar_0_120_0        ,0.00404 ,0.00389 ,0.34259  ,0.00670 ,0.03342 ,0.10026 ,350  ,1 ,B   ,B_LV   ,1_LV_116.667 ,sub_6271173a-9d78-4b65-96e8-a680e4caea0e_12.47 ,sub_6271173a-9d78-4b65-96e8-a680e4caea0e_12.47 -> DT0  ,
L(R:46_5-DM50)                                           ,DM50                                           ,46_5         ,0.42  ,0.012 ,1P_UG_AL_1/0_Brenau_0_120_0            ,0.00626 ,0.00330 ,0.22534  ,0.00832 ,0.02607 ,0.07820 ,235  ,1 ,B   ,B_LV   ,1_LV_78.3333 ,sub_6271173a-9d78-4b65-96e8-a680e4caea0e_12.47 ,sub_6271173a-9d78-4b65-96e8-a680e4caea0e_12.47 -> DT0  ,
L(R:79_7-DM50)                                           ,DM50                                           ,79_7         ,0.42  ,0.011 ,1P_UG_AL_1/0_Brenau_0_120_0            ,0.00592 ,0.00312 ,0.21314  ,0.00787 ,0.02466 ,0.07397 ,235  ,1 ,B   ,B_LV   ,1_LV_78.3333 ,sub_6271173a-9d78-4b65-96e8-a680e4caea0e_12.47 ,sub_6271173a-9d78-4b65-96e8-a680e4caea0e_12.47 -> DT0  ,
L(R:549989599_4-DM49)                                    ,DM49                                           ,549989599_4  ,0.42  ,0.019 ,1P_UG_AL_1/0_Brenau_0_120_0            ,0.01019 ,0.00537 ,0.36662  ,0.01353 ,0.04241 ,0.12724 ,235  ,1 ,B   ,B_LV   ,1_LV_78.3333 ,sub_6271173a-9d78-4b65-96e8-a680e4caea0e_12.47 ,sub_6271173a-9d78-4b65-96e8-a680e4caea0e_12.47 -> DT0  ,
L(R:DM49-DM50)                                           ,DM50                                           ,DM49         ,0.42  ,0.015 ,1P_UG_AL_1/0_Brenau_0_120_0            ,0.00812 ,0.00428 ,0.29224  ,0.01079 ,0.03381 ,0.10142 ,235  ,1 ,B   ,B_LV   ,1_LV_78.3333 ,sub_6271173a-9d78-4b65-96e8-a680e4caea0e_12.47 ,sub_6271173a-9d78-4b65-96e8-a680e4caea0e_12.47 -> DT0  ,
L(R:DM50-DT10LV)                                         ,DT10LV                                         ,DM50         ,0.42  ,0.060 ,1P_UG_AL_1/0_Brenau_0_120_0            ,0.03268 ,0.01723 ,1.17611  ,0.04341 ,0.13606 ,0.40817 ,235  ,1 ,B   ,B_LV   ,1_LV_78.3333 ,sub_6271173a-9d78-4b65-96e8-a680e4caea0e_12.47 ,sub_6271173a-9d78-4b65-96e8-a680e4caea0e_12.47 -> DT0  ,
L(R:542938094_3-DT11LV)                                  ,DT11LV                                         ,542938094_3  ,0.42  ,0.013 ,1P_UG_AL_1/0_Brenau_0_120_0            ,0.00677 ,0.00357 ,0.24353  ,0.00899 ,0.02817 ,0.08452 ,235  ,1 ,C   ,C_LV   ,1_LV_78.3333 ,sub_6271173a-9d78-4b65-96e8-a680e4caea0e_12.47 ,sub_6271173a-9d78-4b65-96e8-a680e4caea0e_12.47 -> DT0  ,
L(R:549934791_2-DT11LV)                                  ,DT11LV                                         ,549934791_2  ,0.42  ,0.013 ,1P_UG_AL_1/0_Brenau_0_120_0            ,0.00727 ,0.00383 ,0.26154  ,0.00965 ,0.03026 ,0.09077 ,235  ,1 ,C   ,C_LV   ,1_LV_78.3333 ,sub_6271173a-9d78-4b65-96e8-a680e4caea0e_12.47 ,sub_6271173a-9d78-4b65-96e8-a680e4caea0e_12.47 -> DT0  ,
L(R:542938095_7-DM53)                                    ,DM53                                           ,542938095_7  ,0.42  ,0.010 ,1P_UG_AL_1/0_Brenau_0_120_0            ,0.00549 ,0.00289 ,0.19749  ,0.00729 ,0.02285 ,0.06854 ,235  ,1 ,C   ,C_LV   ,1_LV_78.3333 ,sub_6271173a-9d78-4b65-96e8-a680e4caea0e_12.47 ,sub_6271173a-9d78-4b65-96e8-a680e4caea0e_12.47 -> DT0  ,
L(R:548402827_3-DM53)                                    ,DM53                                           ,548402827_3  ,0.42  ,0.014 ,1P_UG_AL_1/0_Brenau_0_120_0            ,0.00757 ,0.00399 ,0.27231  ,0.01005 ,0.03150 ,0.09451 ,235  ,1 ,C   ,C_LV   ,1_LV_78.3333 ,sub_6271173a-9d78-4b65-96e8-a680e4caea0e_12.47 ,sub_6271173a-9d78-4b65-96e8-a680e4caea0e_12.47 -> DT0  ,
L(R:542938096_7-DM54)                                    ,DM54                                           ,542938096_7  ,0.42  ,0.011 ,1P_UG_AL_1/0_Brenau_0_120_0            ,0.00585 ,0.00308 ,0.21054  ,0.00777 ,0.02436 ,0.07307 ,235  ,1 ,C   ,C_LV   ,1_LV_78.3333 ,sub_6271173a-9d78-4b65-96e8-a680e4caea0e_12.47 ,sub_6271173a-9d78-4b65-96e8-a680e4caea0e_12.47 -> DT0  ,
L(R:548402829_3-DM54)                                    ,DM54                                           ,548402829_3  ,0.42  ,0.014 ,1P_UG_AL_1/0_Brenau_0_120_0            ,0.00762 ,0.00402 ,0.27413  ,0.01012 ,0.03171 ,0.09514 ,235  ,1 ,C   ,C_LV   ,1_LV_78.3333 ,sub_6271173a-9d78-4b65-96e8-a680e4caea0e_12.47 ,sub_6271173a-9d78-4b65-96e8-a680e4caea0e_12.47 -> DT0  ,
L(R:DM53-DM54)                                           ,DM53                                           ,DM54         ,0.42  ,0.015 ,1P_UG_AL_2/0_Converse_0_120_0          ,0.00640 ,0.00415 ,0.30712  ,0.00906 ,0.03368 ,0.10104 ,270  ,1 ,C   ,C_LV   ,1_LV_90      ,sub_6271173a-9d78-4b65-96e8-a680e4caea0e_12.47 ,sub_6271173a-9d78-4b65-96e8-a680e4caea0e_12.47 -> DT0  ,
L(R:DM53-DT11LV)                                         ,DT11LV                                         ,DM53         ,0.42  ,0.015 ,1P_UG_AL_4/0_Sweetbriar_0_120_0        ,0.00404 ,0.00389 ,0.34257  ,0.00670 ,0.03342 ,0.10025 ,350  ,1 ,C   ,C_LV   ,1_LV_116.667 ,sub_6271173a-9d78-4b65-96e8-a680e4caea0e_12.47 ,sub_6271173a-9d78-4b65-96e8-a680e4caea0e_12.47 -> DT0  ,
L(R:548357126_0-DM55)                                    ,DM55                                           ,548357126_0  ,0.42  ,0.012 ,1P_UG_AL_1/0_Brenau_0_120_0            ,0.00651 ,0.00343 ,0.23412  ,0.00864 ,0.02708 ,0.08125 ,235  ,1 ,C   ,C_LV   ,1_LV_78.3333 ,sub_6271173a-9d78-4b65-96e8-a680e4caea0e_12.47 ,sub_6271173a-9d78-4b65-96e8-a680e4caea0e_12.47 -> DT0  ,
L(R:31_2-DM59)                                           ,DM59                                           ,31_2         ,0.42  ,0.012 ,1P_UG_AL_1/0_Brenau_0_120_0            ,0.00671 ,0.00354 ,0.24156  ,0.00892 ,0.02794 ,0.08383 ,235  ,1 ,C   ,C_LV   ,1_LV_78.3333 ,sub_6271173a-9d78-4b65-96e8-a680e4caea0e_12.47 ,sub_6271173a-9d78-4b65-96e8-a680e4caea0e_12.47 -> DT0  ,
L(R:62_3-DM60)                                           ,DM60                                           ,62_3         ,0.42  ,0.013 ,1P_UG_AL_1/0_Brenau_0_120_0            ,0.00714 ,0.00377 ,0.25711  ,0.00949 ,0.02974 ,0.08923 ,235  ,1 ,C   ,C_LV   ,1_LV_78.3333 ,sub_6271173a-9d78-4b65-96e8-a680e4caea0e_12.47 ,sub_6271173a-9d78-4b65-96e8-a680e4caea0e_12.47 -> DT0  ,
L(R:119_2-DM62)                                          ,DM62                                           ,119_2        ,0.42  ,0.012 ,1P_UG_AL_1/0_Brenau_0_120_0            ,0.00637 ,0.00336 ,0.22930  ,0.00846 ,0.02653 ,0.07958 ,235  ,1 ,C   ,C_LV   ,1_LV_78.3333 ,sub_6271173a-9d78-4b65-96e8-a680e4caea0e_12.47 ,sub_6271173a-9d78-4b65-96e8-a680e4caea0e_12.47 -> DT0  ,
L(R:68_3-DM61)                                           ,DM61                                           ,68_3         ,0.42  ,0.011 ,1P_UG_AL_1/0_Brenau_0_120_0            ,0.00617 ,0.00325 ,0.22196  ,0.00819 ,0.02568 ,0.07703 ,235  ,1 ,C   ,C_LV   ,1_LV_78.3333 ,sub_6271173a-9d78-4b65-96e8-a680e4caea0e_12.47 ,sub_6271173a-9d78-4b65-96e8-a680e4caea0e_12.47 -> DT0  ,
L(R:DM61-DM62)                                           ,DM62                                           ,DM61         ,0.42  ,0.015 ,1P_UG_AL_1/0_Brenau_0_120_0            ,0.00812 ,0.00428 ,0.29224  ,0.01079 ,0.03381 ,0.10142 ,235  ,1 ,C   ,C_LV   ,1_LV_78.3333 ,sub_6271173a-9d78-4b65-96e8-a680e4caea0e_12.47 ,sub_6271173a-9d78-4b65-96e8-a680e4caea0e_12.47 -> DT0  ,
L(R:DM60-DM62)                                           ,DM60                                           ,DM62         ,0.42  ,0.015 ,1P_UG_AL_1/0_Brenau_0_120_0            ,0.00812 ,0.00428 ,0.29224  ,0.01079 ,0.03381 ,0.10142 ,235  ,1 ,C   ,C_LV   ,1_LV_78.3333 ,sub_6271173a-9d78-4b65-96e8-a680e4caea0e_12.47 ,sub_6271173a-9d78-4b65-96e8-a680e4caea0e_12.47 -> DT0  ,
L(R:DM59-DM60)                                           ,DM59                                           ,DM60         ,0.42  ,0.015 ,1P_UG_AL_1/0_Brenau_0_120_0            ,0.00812 ,0.00428 ,0.29224  ,0.01079 ,0.03381 ,0.10142 ,235  ,1 ,C   ,C_LV   ,1_LV_78.3333 ,sub_6271173a-9d78-4b65-96e8-a680e4caea0e_12.47 ,sub_6271173a-9d78-4b65-96e8-a680e4caea0e_12.47 -> DT0  ,
L(R:DM55-DM59)                                           ,DM55                                           ,DM59         ,0.42  ,0.053 ,1P_UG_AL_1/0_Brenau_0_120_0            ,0.02877 ,0.01517 ,1.03530  ,0.03821 ,0.11977 ,0.35931 ,235  ,1 ,C   ,C_LV   ,1_LV_78.3333 ,sub_6271173a-9d78-4b65-96e8-a680e4caea0e_12.47 ,sub_6271173a-9d78-4b65-96e8-a680e4caea0e_12.47 -> DT0  ,
L(R:DM55-DT11LV)                                         ,DT11LV                                         ,DM55         ,0.42  ,0.015 ,1P_UG_AL_2/0_Converse_0_120_0          ,0.00640 ,0.00415 ,0.30712  ,0.00906 ,0.03368 ,0.10104 ,270  ,1 ,C   ,C_LV   ,1_LV_90      ,sub_6271173a-9d78-4b65-96e8-a680e4caea0e_12.47 ,sub_6271173a-9d78-4b65-96e8-a680e4caea0e_12.47 -> DT0  ,
L(R:87_3-DT12LV)                                         ,DT12LV                                         ,87_3         ,0.42  ,0.011 ,1P_UG_AL_1/0_Brenau_0_120_0            ,0.00579 ,0.00305 ,0.20836  ,0.00769 ,0.02410 ,0.07231 ,235  ,1 ,A   ,A_LV   ,1_LV_78.3333 ,sub_6271173a-9d78-4b65-96e8-a680e4caea0e_12.47 ,sub_6271173a-9d78-4b65-96e8-a680e4caea0e_12.47 -> DT0  ,
L(R:127_2-DT12LV)                                        ,DT12LV                                         ,127_2        ,0.42  ,0.012 ,1P_UG_AL_1/0_Brenau_0_120_0            ,0.00655 ,0.00345 ,0.23571  ,0.00870 ,0.02727 ,0.08180 ,235  ,1 ,A   ,A_LV   ,1_LV_78.3333 ,sub_6271173a-9d78-4b65-96e8-a680e4caea0e_12.47 ,sub_6271173a-9d78-4b65-96e8-a680e4caea0e_12.47 -> DT0  ,
L(R:542938099_2-DM63)                                    ,DM63                                           ,542938099_2  ,0.42  ,0.012 ,1P_UG_AL_4/0_Sweetbriar_0_120_0        ,0.00316 ,0.00305 ,0.26857  ,0.00525 ,0.02620 ,0.07860 ,350  ,1 ,A   ,A_LV   ,1_LV_116.667 ,sub_6271173a-9d78-4b65-96e8-a680e4caea0e_12.47 ,sub_6271173a-9d78-4b65-96e8-a680e4caea0e_12.47 -> DT0  ,
L(R:40_3-DM63)                                           ,DM63                                           ,40_3         ,0.42  ,0.013 ,1P_UG_AL_1/0_Brenau_0_120_0            ,0.00684 ,0.00360 ,0.24603  ,0.00908 ,0.02846 ,0.08538 ,235  ,1 ,A   ,A_LV   ,1_LV_78.3333 ,sub_6271173a-9d78-4b65-96e8-a680e4caea0e_12.47 ,sub_6271173a-9d78-4b65-96e8-a680e4caea0e_12.47 -> DT0  ,
L(R:129_0-DM63)                                          ,DM63                                           ,129_0        ,0.42  ,0.027 ,1P_UG_AL_1/0_Brenau_0_120_0            ,0.01473 ,0.00777 ,0.53000  ,0.01956 ,0.06131 ,0.18394 ,235  ,1 ,A   ,A_LV   ,1_LV_78.3333 ,sub_6271173a-9d78-4b65-96e8-a680e4caea0e_12.47 ,sub_6271173a-9d78-4b65-96e8-a680e4caea0e_12.47 -> DT0  ,
L(R:88_0-DM67)                                           ,DM67                                           ,88_0         ,0.42  ,0.013 ,1P_UG_AL_1/0_Brenau_0_120_0            ,0.00677 ,0.00357 ,0.24353  ,0.00899 ,0.02817 ,0.08452 ,235  ,1 ,A   ,A_LV   ,1_LV_78.3333 ,sub_6271173a-9d78-4b65-96e8-a680e4caea0e_12.47 ,sub_6271173a-9d78-4b65-96e8-a680e4caea0e_12.47 -> DT0  ,
L(R:DM63-DM67)                                           ,DM63                                           ,DM67         ,0.42  ,0.015 ,1P_UG_AL_1/0_Brenau_0_120_0            ,0.00812 ,0.00428 ,0.29227  ,0.01079 ,0.03381 ,0.10143 ,235  ,1 ,A   ,A_LV   ,1_LV_78.3333 ,sub_6271173a-9d78-4b65-96e8-a680e4caea0e_12.47 ,sub_6271173a-9d78-4b65-96e8-a680e4caea0e_12.47 -> DT0  ,
L(R:106_1-DM72)                                          ,DM72                                           ,106_1        ,0.42  ,0.013 ,1P_UG_AL_1/0_Brenau_0_120_0            ,0.00690 ,0.00364 ,0.24830  ,0.00916 ,0.02872 ,0.08617 ,235  ,1 ,A   ,A_LV   ,1_LV_78.3333 ,sub_6271173a-9d78-4b65-96e8-a680e4caea0e_12.47 ,sub_6271173a-9d78-4b65-96e8-a680e4caea0e_12.47 -> DT0  ,
L(R:39_0-DM64)                                           ,DM64                                           ,39_0         ,0.42  ,0.013 ,1P_UG_AL_1/0_Brenau_0_120_0            ,0.00680 ,0.00358 ,0.24466  ,0.00903 ,0.02830 ,0.08491 ,235  ,1 ,A   ,A_LV   ,1_LV_78.3333 ,sub_6271173a-9d78-4b65-96e8-a680e4caea0e_12.47 ,sub_6271173a-9d78-4b65-96e8-a680e4caea0e_12.47 -> DT0  ,
L(R:DM64-DM72)                                           ,DM72                                           ,DM64         ,0.42  ,0.015 ,1P_UG_AL_1/0_Brenau_0_120_0            ,0.00812 ,0.00428 ,0.29227  ,0.01079 ,0.03381 ,0.10143 ,235  ,1 ,A   ,A_LV   ,1_LV_78.3333 ,sub_6271173a-9d78-4b65-96e8-a680e4caea0e_12.47 ,sub_6271173a-9d78-4b65-96e8-a680e4caea0e_12.47 -> DT0  ,
L(R:DM63-DM72)                                           ,DM63                                           ,DM72         ,0.42  ,0.015 ,1P_UG_AL_1/0_Brenau_0_120_0            ,0.00812 ,0.00428 ,0.29227  ,0.01079 ,0.03381 ,0.10143 ,235  ,1 ,A   ,A_LV   ,1_LV_78.3333 ,sub_6271173a-9d78-4b65-96e8-a680e4caea0e_12.47 ,sub_6271173a-9d78-4b65-96e8-a680e4caea0e_12.47 -> DT0  ,
L(R:DM63-DT12LV)                                         ,DT12LV                                         ,DM63         ,0.42  ,0.030 ,1P_UG_AL_4/0_Sweetbriar_0_120_0        ,0.00807 ,0.00778 ,0.68514  ,0.01340 ,0.06684 ,0.20051 ,350  ,1 ,A   ,A_LV   ,1_LV_116.667 ,sub_6271173a-9d78-4b65-96e8-a680e4caea0e_12.47 ,sub_6271173a-9d78-4b65-96e8-a680e4caea0e_12.47 -> DT0  ,
L(R:89_5-DM68)                                           ,DM68                                           ,89_5         ,0.42  ,0.014 ,1P_UG_AL_1/0_Brenau_0_120_0            ,0.00732 ,0.00386 ,0.26342  ,0.00972 ,0.03047 ,0.09142 ,235  ,1 ,A   ,A_LV   ,1_LV_78.3333 ,sub_6271173a-9d78-4b65-96e8-a680e4caea0e_12.47 ,sub_6271173a-9d78-4b65-96e8-a680e4caea0e_12.47 -> DT0  ,
L(R:103_3-DM69)                                          ,DM69                                           ,103_3        ,0.42  ,0.013 ,1P_UG_AL_1/0_Brenau_0_120_0            ,0.00706 ,0.00372 ,0.25401  ,0.00937 ,0.02938 ,0.08815 ,235  ,1 ,A   ,A_LV   ,1_LV_78.3333 ,sub_6271173a-9d78-4b65-96e8-a680e4caea0e_12.47 ,sub_6271173a-9d78-4b65-96e8-a680e4caea0e_12.47 -> DT0  ,
L(R:105_0-DM69)                                          ,DM69                                           ,105_0        ,0.42  ,0.018 ,1P_UG_AL_1/0_Brenau_0_120_0            ,0.00986 ,0.00520 ,0.35474  ,0.01309 ,0.04104 ,0.12311 ,235  ,1 ,A   ,A_LV   ,1_LV_78.3333 ,sub_6271173a-9d78-4b65-96e8-a680e4caea0e_12.47 ,sub_6271173a-9d78-4b65-96e8-a680e4caea0e_12.47 -> DT0  ,
L(R:104_7-DM70)                                          ,DM70                                           ,104_7        ,0.42  ,0.012 ,1P_UG_AL_1/0_Brenau_0_120_0            ,0.00632 ,0.00333 ,0.22760  ,0.00840 ,0.02633 ,0.07899 ,235  ,1 ,A   ,A_LV   ,1_LV_78.3333 ,sub_6271173a-9d78-4b65-96e8-a680e4caea0e_12.47 ,sub_6271173a-9d78-4b65-96e8-a680e4caea0e_12.47 -> DT0  ,
L(R:DM69-DM70)                                           ,DM69                                           ,DM70         ,0.42  ,0.015 ,1P_UG_AL_1/0_Brenau_0_120_0            ,0.00812 ,0.00428 ,0.29227  ,0.01079 ,0.03381 ,0.10143 ,235  ,1 ,A   ,A_LV   ,1_LV_78.3333 ,sub_6271173a-9d78-4b65-96e8-a680e4caea0e_12.47 ,sub_6271173a-9d78-4b65-96e8-a680e4caea0e_12.47 -> DT0  ,
L(R:DM68-DM69)                                           ,DM68                                           ,DM69         ,0.42  ,0.015 ,1P_UG_AL_1/0_Brenau_0_120_0            ,0.00812 ,0.00428 ,0.29227  ,0.01079 ,0.03381 ,0.10143 ,235  ,1 ,A   ,A_LV   ,1_LV_78.3333 ,sub_6271173a-9d78-4b65-96e8-a680e4caea0e_12.47 ,sub_6271173a-9d78-4b65-96e8-a680e4caea0e_12.47 -> DT0  ,
L(R:DM68-DT12LV)                                         ,DT12LV                                         ,DM68         ,0.42  ,0.015 ,1P_UG_AL_1/0_Brenau_0_120_0            ,0.00812 ,0.00428 ,0.29227  ,0.01079 ,0.03381 ,0.10143 ,235  ,1 ,A   ,A_LV   ,1_LV_78.3333 ,sub_6271173a-9d78-4b65-96e8-a680e4caea0e_12.47 ,sub_6271173a-9d78-4b65-96e8-a680e4caea0e_12.47 -> DT0  ,
L(R:542938103_6-DM75)                                    ,DM75                                           ,542938103_6  ,0.42  ,0.013 ,1P_UG_AL_1/0_Brenau_0_120_0            ,0.00719 ,0.00379 ,0.25860  ,0.00954 ,0.02992 ,0.08975 ,235  ,1 ,A   ,A_LV   ,1_LV_78.3333 ,sub_6271173a-9d78-4b65-96e8-a680e4caea0e_12.47 ,sub_6271173a-9d78-4b65-96e8-a680e4caea0e_12.47 -> DT0  ,
L(R:12200000_1-DM75)                                     ,DM75                                           ,12200000_1   ,0.42  ,0.015 ,1P_UG_AL_4/0_Sweetbriar_0_120_0        ,0.00407 ,0.00392 ,0.34550  ,0.00676 ,0.03370 ,0.10111 ,350  ,1 ,A   ,A_LV   ,1_LV_116.667 ,sub_6271173a-9d78-4b65-96e8-a680e4caea0e_12.47 ,sub_6271173a-9d78-4b65-96e8-a680e4caea0e_12.47 -> DT0  ,
L(R:DM75-DT13LV)                                         ,DT13LV                                         ,DM75         ,0.42  ,0.015 ,1P_UG_AL_4/0_Sweetbriar_0_120_0        ,0.00404 ,0.00389 ,0.34257  ,0.00670 ,0.03342 ,0.10025 ,350  ,1 ,A   ,A_LV   ,1_LV_116.667 ,sub_6271173a-9d78-4b65-96e8-a680e4caea0e_12.47 ,sub_6271173a-9d78-4b65-96e8-a680e4caea0e_12.47 -> DT0  ,
L(R:548398917_2-DM76)                                    ,DM76                                           ,548398917_2  ,0.42  ,0.023 ,1P_UG_AL_1/0_Brenau_0_120_0            ,0.01230 ,0.00649 ,0.44262  ,0.01634 ,0.05120 ,0.15361 ,235  ,1 ,A   ,A_LV   ,1_LV_78.3333 ,sub_6271173a-9d78-4b65-96e8-a680e4caea0e_12.47 ,sub_6271173a-9d78-4b65-96e8-a680e4caea0e_12.47 -> DT0  ,
L(R:DM76-DT13LV)                                         ,DT13LV                                         ,DM76         ,0.42  ,0.081 ,1P_UG_AL_1/0_Brenau_0_120_0            ,0.04360 ,0.02299 ,1.56914  ,0.05791 ,0.18153 ,0.54458 ,235  ,1 ,A   ,A_LV   ,1_LV_78.3333 ,sub_6271173a-9d78-4b65-96e8-a680e4caea0e_12.47 ,sub_6271173a-9d78-4b65-96e8-a680e4caea0e_12.47 -> DT0  ,
L(R:542938109_0-DM79)                                    ,DM79                                           ,542938109_0  ,0.42  ,0.010 ,1P_UG_AL_1/0_Brenau_0_120_0            ,0.00528 ,0.00279 ,0.19019  ,0.00702 ,0.02200 ,0.06601 ,235  ,1 ,A   ,A_LV   ,1_LV_78.3333 ,sub_6271173a-9d78-4b65-96e8-a680e4caea0e_12.47 ,sub_6271173a-9d78-4b65-96e8-a680e4caea0e_12.47 -> DT0  ,
L(R:DM79-DT15LV)                                         ,DT15LV                                         ,DM79         ,0.42  ,0.051 ,1P_UG_AL_1/0_Brenau_0_120_0            ,0.02736 ,0.01443 ,0.98456  ,0.03634 ,0.11390 ,0.34169 ,235  ,1 ,A   ,A_LV   ,1_LV_78.3333 ,sub_6271173a-9d78-4b65-96e8-a680e4caea0e_12.47 ,sub_6271173a-9d78-4b65-96e8-a680e4caea0e_12.47 -> DT0  ,
L(R:12400000_0-DM80)                                     ,DM80                                           ,12400000_0   ,0.42  ,0.011 ,1P_UG_AL_1/0_Brenau_0_120_0            ,0.00569 ,0.00300 ,0.20486  ,0.00756 ,0.02370 ,0.07110 ,235  ,1 ,A   ,A_LV   ,1_LV_78.3333 ,sub_6271173a-9d78-4b65-96e8-a680e4caea0e_12.47 ,sub_6271173a-9d78-4b65-96e8-a680e4caea0e_12.47 -> DT0  ,
L(R:DM80-DT15LV)                                         ,DT15LV                                         ,DM80         ,0.42  ,0.045 ,1P_UG_AL_1/0_Brenau_0_120_0            ,0.02436 ,0.01285 ,0.87669  ,0.03236 ,0.10142 ,0.30426 ,235  ,1 ,A   ,A_LV   ,1_LV_78.3333 ,sub_6271173a-9d78-4b65-96e8-a680e4caea0e_12.47 ,sub_6271173a-9d78-4b65-96e8-a680e4caea0e_12.47 -> DT0  ,
L(R:549989596_15-DT16LV)                                 ,DT16LV                                         ,549989596_15 ,0.42  ,0.015 ,1P_UG_AL_4/0_Sweetbriar_0_120_0        ,0.00400 ,0.00385 ,0.33926  ,0.00664 ,0.03309 ,0.09928 ,350  ,1 ,B   ,B_LV   ,1_LV_116.667 ,sub_6271173a-9d78-4b65-96e8-a680e4caea0e_12.47 ,sub_6271173a-9d78-4b65-96e8-a680e4caea0e_12.47 -> DT0  ,
L(R:542939243_11-DM81)                                   ,DM81                                           ,542939243_11 ,0.42  ,0.013 ,1P_UG_AL_2/0_Converse_0_120_0          ,0.00574 ,0.00372 ,0.27548  ,0.00813 ,0.03021 ,0.09063 ,270  ,1 ,B   ,B_LV   ,1_LV_90      ,sub_6271173a-9d78-4b65-96e8-a680e4caea0e_12.47 ,sub_6271173a-9d78-4b65-96e8-a680e4caea0e_12.47 -> DT0  ,
L(R:DM81-DT16LV)                                         ,DT16LV                                         ,DM81         ,0.42  ,0.015 ,1P_UG_AL_2/0_Converse_0_120_0          ,0.00640 ,0.00415 ,0.30713  ,0.00907 ,0.03368 ,0.10105 ,270  ,1 ,B   ,B_LV   ,1_LV_90      ,sub_6271173a-9d78-4b65-96e8-a680e4caea0e_12.47 ,sub_6271173a-9d78-4b65-96e8-a680e4caea0e_12.47 -> DT0  ,
L(R:12300000_5-DM83)                                     ,DM83                                           ,12300000_5   ,0.42  ,0.014 ,1P_UG_AL_1/0_Brenau_0_120_0            ,0.00784 ,0.00414 ,0.28226  ,0.01042 ,0.03265 ,0.09796 ,235  ,1 ,B   ,B_LV   ,1_LV_78.3333 ,sub_6271173a-9d78-4b65-96e8-a680e4caea0e_12.47 ,sub_6271173a-9d78-4b65-96e8-a680e4caea0e_12.47 -> DT0  ,
L(R:DM83-DT16LV)                                         ,DT16LV                                         ,DM83         ,0.42  ,0.015 ,1P_UG_AL_1/0_Brenau_0_120_0            ,0.00812 ,0.00428 ,0.29228  ,0.01079 ,0.03381 ,0.10144 ,235  ,1 ,B   ,B_LV   ,1_LV_78.3333 ,sub_6271173a-9d78-4b65-96e8-a680e4caea0e_12.47 ,sub_6271173a-9d78-4b65-96e8-a680e4caea0e_12.47 -> DT0  ,
L(R:548398924_1-DM84)                                    ,DM84                                           ,548398924_1  ,0.42  ,0.014 ,1P_UG_AL_1/0_Brenau_0_120_0            ,0.00778 ,0.00410 ,0.27981  ,0.01033 ,0.03237 ,0.09711 ,235  ,1 ,B   ,B_LV   ,1_LV_78.3333 ,sub_6271173a-9d78-4b65-96e8-a680e4caea0e_12.47 ,sub_6271173a-9d78-4b65-96e8-a680e4caea0e_12.47 -> DT0  ,
L(R:548398925_0-DM85)                                    ,DM85                                           ,548398925_0  ,0.42  ,0.012 ,1P_UG_AL_1/0_Brenau_0_120_0            ,0.00675 ,0.00356 ,0.24281  ,0.00896 ,0.02809 ,0.08427 ,235  ,1 ,B   ,B_LV   ,1_LV_78.3333 ,sub_6271173a-9d78-4b65-96e8-a680e4caea0e_12.47 ,sub_6271173a-9d78-4b65-96e8-a680e4caea0e_12.47 -> DT0  ,
L(R:DM84-DM85)                                           ,DM84                                           ,DM85         ,0.42  ,0.015 ,1P_UG_AL_1/0_Brenau_0_120_0            ,0.00812 ,0.00428 ,0.29228  ,0.01079 ,0.03381 ,0.10144 ,235  ,1 ,B   ,B_LV   ,1_LV_78.3333 ,sub_6271173a-9d78-4b65-96e8-a680e4caea0e_12.47 ,sub_6271173a-9d78-4b65-96e8-a680e4caea0e_12.47 -> DT0  ,
L(R:DM84-DT17LV)                                         ,DT17LV                                         ,DM84         ,0.42  ,0.015 ,1P_UG_AL_1/0_Brenau_0_120_0            ,0.00812 ,0.00428 ,0.29228  ,0.01079 ,0.03381 ,0.10144 ,235  ,1 ,B   ,B_LV   ,1_LV_78.3333 ,sub_6271173a-9d78-4b65-96e8-a680e4caea0e_12.47 ,sub_6271173a-9d78-4b65-96e8-a680e4caea0e_12.47 -> DT0  ,
L(R:73_0-DM87)                                           ,DM87                                           ,73_0         ,0.42  ,0.012 ,1P_UG_AL_1/0_Brenau_0_120_0            ,0.00675 ,0.00356 ,0.24278  ,0.00896 ,0.02809 ,0.08426 ,235  ,1 ,B   ,B_LV   ,1_LV_78.3333 ,sub_6271173a-9d78-4b65-96e8-a680e4caea0e_12.47 ,sub_6271173a-9d78-4b65-96e8-a680e4caea0e_12.47 -> DT0  ,
L(R:72_0-DM86)                                           ,DM86                                           ,72_0         ,0.42  ,0.012 ,1P_UG_AL_1/0_Brenau_0_120_0            ,0.00663 ,0.00349 ,0.23852  ,0.00880 ,0.02759 ,0.08278 ,235  ,1 ,B   ,B_LV   ,1_LV_78.3333 ,sub_6271173a-9d78-4b65-96e8-a680e4caea0e_12.47 ,sub_6271173a-9d78-4b65-96e8-a680e4caea0e_12.47 -> DT0  ,
L(R:DM86-DM87)                                           ,DM87                                           ,DM86         ,0.42  ,0.015 ,1P_UG_AL_1/0_Brenau_0_120_0            ,0.00812 ,0.00428 ,0.29228  ,0.01079 ,0.03381 ,0.10144 ,235  ,1 ,B   ,B_LV   ,1_LV_78.3333 ,sub_6271173a-9d78-4b65-96e8-a680e4caea0e_12.47 ,sub_6271173a-9d78-4b65-96e8-a680e4caea0e_12.47 -> DT0  ,
L(R:DM87-DT17LV)                                         ,DT17LV                                         ,DM87         ,0.42  ,0.015 ,1P_UG_AL_1/0_Brenau_0_120_0            ,0.00812 ,0.00428 ,0.29228  ,0.01079 ,0.03381 ,0.10144 ,235  ,1 ,B   ,B_LV   ,1_LV_78.3333 ,sub_6271173a-9d78-4b65-96e8-a680e4caea0e_12.47 ,sub_6271173a-9d78-4b65-96e8-a680e4caea0e_12.47 -> DT0  ,
L(R:548402826_2-DT18LV)                                  ,DT18LV                                         ,548402826_2  ,0.42  ,0.014 ,1P_UG_AL_4/0_Sweetbriar_0_120_0        ,0.00372 ,0.00358 ,0.31560  ,0.00617 ,0.03079 ,0.09236 ,350  ,1 ,C   ,C_LV   ,1_LV_116.667 ,sub_6271173a-9d78-4b65-96e8-a680e4caea0e_12.47 ,sub_6271173a-9d78-4b65-96e8-a680e4caea0e_12.47 -> DT0  ,
L(R:84_4-DT19LV)                                         ,DT19LV                                         ,84_4         ,0.42  ,0.014 ,1P_UG_AL_1/0_Brenau_0_120_0            ,0.00748 ,0.00394 ,0.26920  ,0.00994 ,0.03114 ,0.09343 ,235  ,1 ,B   ,B_LV   ,1_LV_78.3333 ,sub_6271173a-9d78-4b65-96e8-a680e4caea0e_12.47 ,sub_6271173a-9d78-4b65-96e8-a680e4caea0e_12.47 -> DT19 ,
L(R:11600000_0-DM89)                                     ,DM89                                           ,11600000_0   ,0.42  ,0.014 ,1P_UG_AL_1/0_Brenau_0_120_0            ,0.00761 ,0.00401 ,0.27392  ,0.01011 ,0.03169 ,0.09507 ,235  ,1 ,B   ,B_LV   ,1_LV_78.3333 ,sub_6271173a-9d78-4b65-96e8-a680e4caea0e_12.47 ,sub_6271173a-9d78-4b65-96e8-a680e4caea0e_12.47 -> DT19 ,
L(R:117_1-DM96)                                          ,DM96                                           ,117_1        ,0.42  ,0.013 ,1P_UG_AL_1/0_Brenau_0_120_0            ,0.00695 ,0.00366 ,0.25005  ,0.00923 ,0.02893 ,0.08678 ,235  ,1 ,B   ,B_LV   ,1_LV_78.3333 ,sub_6271173a-9d78-4b65-96e8-a680e4caea0e_12.47 ,sub_6271173a-9d78-4b65-96e8-a680e4caea0e_12.47 -> DT19 ,
L(R:83_2-DM90)                                           ,DM90                                           ,83_2         ,0.42  ,0.013 ,1P_UG_AL_1/0_Brenau_0_120_0            ,0.00703 ,0.00371 ,0.25291  ,0.00933 ,0.02926 ,0.08777 ,235  ,1 ,B   ,B_LV   ,1_LV_78.3333 ,sub_6271173a-9d78-4b65-96e8-a680e4caea0e_12.47 ,sub_6271173a-9d78-4b65-96e8-a680e4caea0e_12.47 -> DT19 ,
L(R:DM90-DM96)                                           ,DM96                                           ,DM90         ,0.42  ,0.015 ,1P_UG_AL_1/0_Brenau_0_120_0            ,0.00812 ,0.00428 ,0.29225  ,0.01079 ,0.03381 ,0.10142 ,235  ,1 ,B   ,B_LV   ,1_LV_78.3333 ,sub_6271173a-9d78-4b65-96e8-a680e4caea0e_12.47 ,sub_6271173a-9d78-4b65-96e8-a680e4caea0e_12.47 -> DT19 ,
L(R:DM89-DM96)                                           ,DM89                                           ,DM96         ,0.42  ,0.015 ,1P_UG_AL_1/0_Brenau_0_120_0            ,0.00812 ,0.00428 ,0.29225  ,0.01079 ,0.03381 ,0.10142 ,235  ,1 ,B   ,B_LV   ,1_LV_78.3333 ,sub_6271173a-9d78-4b65-96e8-a680e4caea0e_12.47 ,sub_6271173a-9d78-4b65-96e8-a680e4caea0e_12.47 -> DT19 ,
L(R:DM89-DT19LV)                                         ,DT19LV                                         ,DM89         ,0.42  ,0.030 ,1P_UG_AL_1/0_Brenau_0_120_0            ,0.01624 ,0.00856 ,0.58449  ,0.02157 ,0.06762 ,0.20285 ,235  ,1 ,B   ,B_LV   ,1_LV_78.3333 ,sub_6271173a-9d78-4b65-96e8-a680e4caea0e_12.47 ,sub_6271173a-9d78-4b65-96e8-a680e4caea0e_12.47 -> DT19 ,
L(R:108_4-DM92)                                          ,DM92                                           ,108_4        ,0.42  ,0.011 ,1P_UG_AL_1/0_Brenau_0_120_0            ,0.00609 ,0.00321 ,0.21904  ,0.00808 ,0.02534 ,0.07602 ,235  ,1 ,B   ,B_LV   ,1_LV_78.3333 ,sub_6271173a-9d78-4b65-96e8-a680e4caea0e_12.47 ,sub_6271173a-9d78-4b65-96e8-a680e4caea0e_12.47 -> DT19 ,
L(R:110_0-DM93)                                          ,DM93                                           ,110_0        ,0.42  ,0.011 ,1P_UG_AL_1/0_Brenau_0_120_0            ,0.00612 ,0.00323 ,0.22018  ,0.00813 ,0.02547 ,0.07641 ,235  ,1 ,B   ,B_LV   ,1_LV_78.3333 ,sub_6271173a-9d78-4b65-96e8-a680e4caea0e_12.47 ,sub_6271173a-9d78-4b65-96e8-a680e4caea0e_12.47 -> DT19 ,
L(R:114_1-DM94)                                          ,DM94                                           ,114_1        ,0.42  ,0.013 ,1P_UG_AL_1/0_Brenau_0_120_0            ,0.00680 ,0.00359 ,0.24482  ,0.00904 ,0.02832 ,0.08497 ,235  ,1 ,B   ,B_LV   ,1_LV_78.3333 ,sub_6271173a-9d78-4b65-96e8-a680e4caea0e_12.47 ,sub_6271173a-9d78-4b65-96e8-a680e4caea0e_12.47 -> DT19 ,
L(R:DM93-DM94)                                           ,DM93                                           ,DM94         ,0.42  ,0.015 ,1P_UG_AL_1/0_Brenau_0_120_0            ,0.00812 ,0.00428 ,0.29225  ,0.01079 ,0.03381 ,0.10142 ,235  ,1 ,B   ,B_LV   ,1_LV_78.3333 ,sub_6271173a-9d78-4b65-96e8-a680e4caea0e_12.47 ,sub_6271173a-9d78-4b65-96e8-a680e4caea0e_12.47 -> DT19 ,
L(R:DM92-DM93)                                           ,DM92                                           ,DM93         ,0.42  ,0.015 ,1P_UG_AL_1/0_Brenau_0_120_0            ,0.00812 ,0.00428 ,0.29225  ,0.01079 ,0.03381 ,0.10142 ,235  ,1 ,B   ,B_LV   ,1_LV_78.3333 ,sub_6271173a-9d78-4b65-96e8-a680e4caea0e_12.47 ,sub_6271173a-9d78-4b65-96e8-a680e4caea0e_12.47 -> DT19 ,
L(R:DM92-DT19LV)                                         ,DT19LV                                         ,DM92         ,0.42  ,0.030 ,1P_UG_AL_1/0_Brenau_0_120_0            ,0.01624 ,0.00856 ,0.58449  ,0.02157 ,0.06762 ,0.20285 ,235  ,1 ,B   ,B_LV   ,1_LV_78.3333 ,sub_6271173a-9d78-4b65-96e8-a680e4caea0e_12.47 ,sub_6271173a-9d78-4b65-96e8-a680e4caea0e_12.47 -> DT19 ,
L(R:115_1-DM95)                                          ,DM95                                           ,115_1        ,0.42  ,0.014 ,1P_UG_AL_1/0_Brenau_0_120_0            ,0.00763 ,0.00402 ,0.27462  ,0.01014 ,0.03177 ,0.09531 ,235  ,1 ,B   ,B_LV   ,1_LV_78.3333 ,sub_6271173a-9d78-4b65-96e8-a680e4caea0e_12.47 ,sub_6271173a-9d78-4b65-96e8-a680e4caea0e_12.47 -> DT19 ,
L(R:DM95-DT19LV)                                         ,DT19LV                                         ,DM95         ,0.42  ,0.015 ,1P_UG_AL_1/0_Brenau_0_120_0            ,0.00812 ,0.00428 ,0.29225  ,0.01079 ,0.03381 ,0.10142 ,235  ,1 ,B   ,B_LV   ,1_LV_78.3333 ,sub_6271173a-9d78-4b65-96e8-a680e4caea0e_12.47 ,sub_6271173a-9d78-4b65-96e8-a680e4caea0e_12.47 -> DT19 ,
L(R:12700000_2-DT21LV)                                   ,DT21LV                                         ,12700000_2   ,0.42  ,0.019 ,1P_UG_AL_1/0_Brenau_0_120_0            ,0.01050 ,0.00554 ,0.37803  ,0.01395 ,0.04373 ,0.13120 ,235  ,1 ,A   ,A_LV   ,1_LV_78.3333 ,sub_6271173a-9d78-4b65-96e8-a680e4caea0e_12.47 ,sub_6271173a-9d78-4b65-96e8-a680e4caea0e_12.47 -> DT0  ,
L(R:16_4-DT22LV)                                         ,DT22LV                                         ,16_4         ,0.42  ,0.010 ,1P_UG_AL_1/0_Brenau_0_120_0            ,0.00566 ,0.00298 ,0.20366  ,0.00752 ,0.02356 ,0.07068 ,235  ,1 ,A   ,A_LV   ,1_LV_78.3333 ,sub_6271173a-9d78-4b65-96e8-a680e4caea0e_12.47 ,sub_6271173a-9d78-4b65-96e8-a680e4caea0e_12.47 -> DT19 ,
L(R:18_2-DT22LV)                                         ,DT22LV                                         ,18_2         ,0.42  ,0.013 ,1P_UG_AL_1/0_Brenau_0_120_0            ,0.00728 ,0.00384 ,0.26189  ,0.00967 ,0.03030 ,0.09089 ,235  ,1 ,A   ,A_LV   ,1_LV_78.3333 ,sub_6271173a-9d78-4b65-96e8-a680e4caea0e_12.47 ,sub_6271173a-9d78-4b65-96e8-a680e4caea0e_12.47 -> DT19 ,
L(R:15_3-DM100)                                          ,DM100                                          ,15_3         ,0.42  ,0.012 ,1P_UG_AL_1/0_Brenau_0_120_0            ,0.00641 ,0.00338 ,0.23072  ,0.00852 ,0.02669 ,0.08007 ,235  ,1 ,A   ,A_LV   ,1_LV_78.3333 ,sub_6271173a-9d78-4b65-96e8-a680e4caea0e_12.47 ,sub_6271173a-9d78-4b65-96e8-a680e4caea0e_12.47 -> DT19 ,
L(R:14_2-DM99)                                           ,DM99                                           ,14_2         ,0.42  ,0.012 ,1P_UG_AL_1/0_Brenau_0_120_0            ,0.00662 ,0.00349 ,0.23825  ,0.00879 ,0.02756 ,0.08269 ,235  ,1 ,A   ,A_LV   ,1_LV_78.3333 ,sub_6271173a-9d78-4b65-96e8-a680e4caea0e_12.47 ,sub_6271173a-9d78-4b65-96e8-a680e4caea0e_12.47 -> DT19 ,
L(R:DM100-DM99)                                          ,DM100                                          ,DM99         ,0.42  ,0.030 ,1P_UG_AL_1/0_Brenau_0_120_0            ,0.01624 ,0.00856 ,0.58448  ,0.02157 ,0.06762 ,0.20285 ,235  ,1 ,A   ,A_LV   ,1_LV_78.3333 ,sub_6271173a-9d78-4b65-96e8-a680e4caea0e_12.47 ,sub_6271173a-9d78-4b65-96e8-a680e4caea0e_12.47 -> DT19 ,
L(R:DM100-DT22LV)                                        ,DT22LV                                         ,DM100        ,0.42  ,0.015 ,1P_UG_AL_1/0_Brenau_0_120_0            ,0.00812 ,0.00428 ,0.29224  ,0.01079 ,0.03381 ,0.10142 ,235  ,1 ,A   ,A_LV   ,1_LV_78.3333 ,sub_6271173a-9d78-4b65-96e8-a680e4caea0e_12.47 ,sub_6271173a-9d78-4b65-96e8-a680e4caea0e_12.47 -> DT19 ,
L(R:17_0-DM102)                                          ,DM102                                          ,17_0         ,0.42  ,0.013 ,1P_UG_AL_1/0_Brenau_0_120_0            ,0.00680 ,0.00358 ,0.24462  ,0.00903 ,0.02830 ,0.08490 ,235  ,1 ,A   ,A_LV   ,1_LV_78.3333 ,sub_6271173a-9d78-4b65-96e8-a680e4caea0e_12.47 ,sub_6271173a-9d78-4b65-96e8-a680e4caea0e_12.47 -> DT19 ,
L(R:20_5-DM104)                                          ,DM104                                          ,20_5         ,0.42  ,0.011 ,1P_UG_AL_1/0_Brenau_0_120_0            ,0.00605 ,0.00319 ,0.21764  ,0.00803 ,0.02518 ,0.07553 ,235  ,1 ,A   ,A_LV   ,1_LV_78.3333 ,sub_6271173a-9d78-4b65-96e8-a680e4caea0e_12.47 ,sub_6271173a-9d78-4b65-96e8-a680e4caea0e_12.47 -> DT19 ,
L(R:DM102-DM104)                                         ,DM102                                          ,DM104        ,0.42  ,0.015 ,1P_UG_AL_1/0_Brenau_0_120_0            ,0.00812 ,0.00428 ,0.29227  ,0.01079 ,0.03381 ,0.10143 ,235  ,1 ,A   ,A_LV   ,1_LV_78.3333 ,sub_6271173a-9d78-4b65-96e8-a680e4caea0e_12.47 ,sub_6271173a-9d78-4b65-96e8-a680e4caea0e_12.47 -> DT19 ,
L(R:DM102-DT22LV)                                        ,DT22LV                                         ,DM102        ,0.42  ,0.057 ,1P_UG_AL_1/0_Brenau_0_120_0            ,0.03094 ,0.01632 ,1.11356  ,0.04110 ,0.12882 ,0.38647 ,235  ,1 ,A   ,A_LV   ,1_LV_78.3333 ,sub_6271173a-9d78-4b65-96e8-a680e4caea0e_12.47 ,sub_6271173a-9d78-4b65-96e8-a680e4caea0e_12.47 -> DT19 ,
L(R:47_2-DT23LV)                                         ,DT23LV                                         ,47_2         ,0.42  ,0.015 ,1P_UG_AL_1/0_Brenau_0_120_0            ,0.00791 ,0.00417 ,0.28470  ,0.01051 ,0.03294 ,0.09881 ,235  ,1 ,B   ,B_LV   ,1_LV_78.3333 ,sub_6271173a-9d78-4b65-96e8-a680e4caea0e_12.47 ,sub_6271173a-9d78-4b65-96e8-a680e4caea0e_12.47 -> DT0  ,
L(R:49_0-DT24LV)                                         ,DT24LV                                         ,49_0         ,0.42  ,0.012 ,1P_UG_AL_1/0_Brenau_0_120_0            ,0.00664 ,0.00350 ,0.23890  ,0.00882 ,0.02764 ,0.08291 ,235  ,1 ,C   ,C_LV   ,1_LV_78.3333 ,sub_6271173a-9d78-4b65-96e8-a680e4caea0e_12.47 ,sub_6271173a-9d78-4b65-96e8-a680e4caea0e_12.47 -> DT19 ,
L(R:86_2-DT24LV)                                         ,DT24LV                                         ,86_2         ,0.42  ,0.013 ,1P_UG_AL_1/0_Brenau_0_120_0            ,0.00681 ,0.00359 ,0.24525  ,0.00905 ,0.02837 ,0.08511 ,235  ,1 ,C   ,C_LV   ,1_LV_78.3333 ,sub_6271173a-9d78-4b65-96e8-a680e4caea0e_12.47 ,sub_6271173a-9d78-4b65-96e8-a680e4caea0e_12.47 -> DT19 ,
L(R:50_3-DM107)                                          ,DM107                                          ,50_3         ,0.42  ,0.013 ,1P_UG_AL_1/0_Brenau_0_120_0            ,0.00684 ,0.00361 ,0.24609  ,0.00908 ,0.02847 ,0.08541 ,235  ,1 ,C   ,C_LV   ,1_LV_78.3333 ,sub_6271173a-9d78-4b65-96e8-a680e4caea0e_12.47 ,sub_6271173a-9d78-4b65-96e8-a680e4caea0e_12.47 -> DT19 ,
L(R:DM107-DT24LV)                                        ,DT24LV                                         ,DM107        ,0.42  ,0.015 ,1P_UG_AL_1/0_Brenau_0_120_0            ,0.00812 ,0.00428 ,0.29225  ,0.01079 ,0.03381 ,0.10142 ,235  ,1 ,C   ,C_LV   ,1_LV_78.3333 ,sub_6271173a-9d78-4b65-96e8-a680e4caea0e_12.47 ,sub_6271173a-9d78-4b65-96e8-a680e4caea0e_12.47 -> DT19 ,
L(R:96_0-DM109)                                          ,DM109                                          ,96_0         ,0.42  ,0.012 ,1P_UG_AL_1/0_Brenau_0_120_0            ,0.00664 ,0.00350 ,0.23900  ,0.00882 ,0.02765 ,0.08295 ,235  ,1 ,C   ,C_LV   ,1_LV_78.3333 ,sub_6271173a-9d78-4b65-96e8-a680e4caea0e_12.47 ,sub_6271173a-9d78-4b65-96e8-a680e4caea0e_12.47 -> DT19 ,
L(R:98_2-DM109)                                          ,DM109                                          ,98_2         ,0.42  ,0.013 ,1P_UG_AL_1/0_Brenau_0_120_0            ,0.00699 ,0.00369 ,0.25172  ,0.00929 ,0.02912 ,0.08736 ,235  ,1 ,C   ,C_LV   ,1_LV_78.3333 ,sub_6271173a-9d78-4b65-96e8-a680e4caea0e_12.47 ,sub_6271173a-9d78-4b65-96e8-a680e4caea0e_12.47 -> DT19 ,
L(R:DM109-DT24LV)                                        ,DT24LV                                         ,DM109        ,0.42  ,0.015 ,1P_UG_AL_1/0_Brenau_0_120_0            ,0.00812 ,0.00428 ,0.29225  ,0.01079 ,0.03381 ,0.10142 ,235  ,1 ,C   ,C_LV   ,1_LV_78.3333 ,sub_6271173a-9d78-4b65-96e8-a680e4caea0e_12.47 ,sub_6271173a-9d78-4b65-96e8-a680e4caea0e_12.47 -> DT19 ,
L(R:DT10-DT9)                                            ,DT9                                            ,DT10         ,12.47 ,0.105 ,1P_UG_AL_#2_15_12_47_0                 ,0.12270 ,0.08515 ,10.46915 ,0.12270 ,0.08515 ,0.25546 ,170  ,1 ,B   ,B_MV   ,1_MV_56.6667 ,sub_6271173a-9d78-4b65-96e8-a680e4caea0e_12.47 ,sub_6271173a-9d78-4b65-96e8-a680e4caea0e_12.47 -> DT0  ,
L(R:DT5-DT9)                                             ,DT5                                            ,DT9          ,12.47 ,0.132 ,1P_UG_AL_#2_15_12_47_0                 ,0.15424 ,0.10705 ,13.16048 ,0.15424 ,0.10705 ,0.32114 ,170  ,1 ,B   ,B_MV   ,1_MV_56.6667 ,sub_6271173a-9d78-4b65-96e8-a680e4caea0e_12.47 ,sub_6271173a-9d78-4b65-96e8-a680e4caea0e_12.47 -> DT0  ,
L(R:DT16-DT17)                                           ,DT17                                           ,DT16         ,12.47 ,0.105 ,1P_UG_AL_#2_15_12_47_0                 ,0.12270 ,0.08515 ,10.46915 ,0.12270 ,0.08515 ,0.25546 ,170  ,1 ,B   ,B_MV   ,1_MV_56.6667 ,sub_6271173a-9d78-4b65-96e8-a680e4caea0e_12.47 ,sub_6271173a-9d78-4b65-96e8-a680e4caea0e_12.47 -> DT0  ,
L(R:DT17-DT5)                                            ,DT5                                            ,DT17         ,12.47 ,0.090 ,1P_UG_AL_#2_15_12_47_0                 ,0.10499 ,0.07287 ,8.95841  ,0.10499 ,0.07287 ,0.21860 ,170  ,1 ,B   ,B_MV   ,1_MV_56.6667 ,sub_6271173a-9d78-4b65-96e8-a680e4caea0e_12.47 ,sub_6271173a-9d78-4b65-96e8-a680e4caea0e_12.47 -> DT0  ,
L(R:DT4-DT5)                                             ,DT4                                            ,DT5          ,12.47 ,0.069 ,1P_UG_AL_#2_15_12_47_0                 ,0.08066 ,0.05598 ,6.88209  ,0.08066 ,0.05598 ,0.16793 ,170  ,1 ,B   ,B_MV   ,1_MV_56.6667 ,sub_6271173a-9d78-4b65-96e8-a680e4caea0e_12.47 ,sub_6271173a-9d78-4b65-96e8-a680e4caea0e_12.47 -> DT0  ,
L(R:DT2-DT4)                                             ,DT2                                            ,DT4          ,12.47 ,0.030 ,1P_UG_AL_#2_15_12_47_0                 ,0.03506 ,0.02433 ,2.99104  ,0.03506 ,0.02433 ,0.07299 ,170  ,1 ,B   ,B_MV   ,1_MV_56.6667 ,sub_6271173a-9d78-4b65-96e8-a680e4caea0e_12.47 ,sub_6271173a-9d78-4b65-96e8-a680e4caea0e_12.47 -> DT0  ,
L(R:DT14-DT15)                                           ,DT14                                           ,DT15         ,12.47 ,0.105 ,1P_UG_AL_#2_15_12_47_0                 ,0.12270 ,0.08515 ,10.46877 ,0.12270 ,0.08515 ,0.25546 ,170  ,1 ,A   ,A_MV   ,1_MV_56.6667 ,sub_6271173a-9d78-4b65-96e8-a680e4caea0e_12.47 ,sub_6271173a-9d78-4b65-96e8-a680e4caea0e_12.47 -> DT0  ,
L(R:DT11-DT18)                                           ,DT11                                           ,DT18         ,12.47 ,0.015 ,1P_UG_AL_#2_15_12_47_0                 ,0.01753 ,0.01216 ,1.49552  ,0.01753 ,0.01216 ,0.03649 ,170  ,1 ,C   ,C_MV   ,1_MV_56.6667 ,sub_6271173a-9d78-4b65-96e8-a680e4caea0e_12.47 ,sub_6271173a-9d78-4b65-96e8-a680e4caea0e_12.47 -> DT0  ,
L(R:DT11-DT7)                                            ,DT7                                            ,DT11         ,12.47 ,0.060 ,1P_UG_AL_#2_15_12_47_0                 ,0.07011 ,0.04866 ,5.98208  ,0.07011 ,0.04866 ,0.14597 ,170  ,1 ,C   ,C_MV   ,1_MV_56.6667 ,sub_6271173a-9d78-4b65-96e8-a680e4caea0e_12.47 ,sub_6271173a-9d78-4b65-96e8-a680e4caea0e_12.47 -> DT0  ,
L(R:DT22-DT8)                                            ,DT8                                            ,DT22         ,12.47 ,0.155 ,1P_UG_AL_#2_15_12_47_0                 ,0.18069 ,0.12540 ,15.41680 ,0.18069 ,0.12540 ,0.37620 ,170  ,1 ,A   ,A_MV   ,1_MV_56.6667 ,sub_6271173a-9d78-4b65-96e8-a680e4caea0e_12.47 ,sub_6271173a-9d78-4b65-96e8-a680e4caea0e_12.47 -> DT19 ,
L(R:DT19-DT8)                                            ,DT19                                           ,DT8          ,12.47 ,0.165 ,1P_UG_AL_#2_15_12_47_0                 ,0.19279 ,0.13380 ,16.44932 ,0.19279 ,0.13380 ,0.40139 ,170  ,1 ,A   ,A_MV   ,1_MV_56.6667 ,sub_6271173a-9d78-4b65-96e8-a680e4caea0e_12.47 ,sub_6271173a-9d78-4b65-96e8-a680e4caea0e_12.47 -> DT19 ,
L(R:DT24-DT6)                                            ,DT24                                           ,DT6          ,12.47 ,0.121 ,1P_UG_AL_#2_15_12_47_0                 ,0.14125 ,0.09803 ,12.05208 ,0.14125 ,0.09803 ,0.29409 ,170  ,1 ,C   ,C_MV   ,1_MV_56.6667 ,sub_6271173a-9d78-4b65-96e8-a680e4caea0e_12.47 ,sub_6271173a-9d78-4b65-96e8-a680e4caea0e_12.47 -> DT19 ,
L(R:DT19-DT24)                                           ,DT19                                           ,DT24         ,12.47 ,0.120 ,1P_UG_AL_#2_15_12_47_0                 ,0.14043 ,0.09746 ,11.98192 ,0.14043 ,0.09746 ,0.29238 ,170  ,1 ,C   ,C_MV   ,1_MV_56.6667 ,sub_6271173a-9d78-4b65-96e8-a680e4caea0e_12.47 ,sub_6271173a-9d78-4b65-96e8-a680e4caea0e_12.47 -> DT19 ,
L(R:12900000_2-DT14LV)                                   ,DT14LV                                         ,12900000_2   ,0.42  ,0.032 ,3P_UG_AL_750kcmil_15_0_480_0           ,0.00467 ,0.00568 ,5.88772  ,0.00986 ,0.00339 ,0.00339 ,640  ,1 ,ABC ,ABC_LV ,3_LV_640     ,sub_6271173a-9d78-4b65-96e8-a680e4caea0e_12.47 ,sub_6271173a-9d78-4b65-96e8-a680e4caea0e_12.47 -> DT0  ,
L(R:106297261_3-DT2LV)                                   ,DT2LV                                          ,106297261_3  ,0.42  ,0.012 ,3P_UG_AL_750kcmil_15_0_480_0           ,0.00175 ,0.00212 ,2.19785  ,0.00368 ,0.00127 ,0.00127 ,640  ,1 ,ABC ,ABC_LV ,3_LV_640     ,sub_6271173a-9d78-4b65-96e8-a680e4caea0e_12.47 ,sub_6271173a-9d78-4b65-96e8-a680e4caea0e_12.47 -> DT0  ,
L(R:DT1-DT2)                                             ,DT1                                            ,DT2          ,12.47 ,0.030 ,3P_UG_AL_4/0_25_12_47_0                ,0.00970 ,0.00778 ,3.64072  ,0.02272 ,0.00756 ,0.00756 ,330  ,1 ,ABC ,ABC_MV ,3_MV_330     ,sub_6271173a-9d78-4b65-96e8-a680e4caea0e_12.47 ,sub_6271173a-9d78-4b65-96e8-a680e4caea0e_12.47 -> DT0  ,
L(R:DT1-DT13)                                            ,DT13                                           ,DT1          ,12.47 ,0.030 ,3P_UG_AL_4/0_25_12_47_0                ,0.00970 ,0.00778 ,3.64072  ,0.02272 ,0.00756 ,0.00756 ,330  ,1 ,ABC ,ABC_MV ,3_MV_330     ,sub_6271173a-9d78-4b65-96e8-a680e4caea0e_12.47 ,sub_6271173a-9d78-4b65-96e8-a680e4caea0e_12.47 -> DT0  ,
L(R:DT13-DT14)                                           ,DT14                                           ,DT13         ,12.47 ,0.130 ,3P_UG_AL_4/0_25_12_47_0                ,0.04188 ,0.03356 ,15.71232 ,0.09807 ,0.03261 ,0.03261 ,330  ,1 ,ABC ,ABC_MV ,3_MV_330     ,sub_6271173a-9d78-4b65-96e8-a680e4caea0e_12.47 ,sub_6271173a-9d78-4b65-96e8-a680e4caea0e_12.47 -> DT0  ,
L(R:DT0-DT14)                                            ,DT0                                            ,DT14         ,12.47 ,0.060 ,3P_UG_AL_4/0_25_12_47_0                ,0.01940 ,0.01555 ,7.28039  ,0.04544 ,0.01511 ,0.01511 ,330  ,1 ,ABC ,ABC_MV ,3_MV_330     ,sub_6271173a-9d78-4b65-96e8-a680e4caea0e_12.47 ,sub_6271173a-9d78-4b65-96e8-a680e4caea0e_12.47 -> DT0  ,
L(R:12100000_4-DT20LV)                                   ,DT20LV                                         ,12100000_4   ,0.42  ,0.011 ,3P_UG_AL_750kcmil_15_0_480_0           ,0.00166 ,0.00202 ,2.09458  ,0.00351 ,0.00121 ,0.00121 ,640  ,1 ,ABC ,ABC_LV ,3_LV_640     ,sub_6271173a-9d78-4b65-96e8-a680e4caea0e_12.47 ,sub_6271173a-9d78-4b65-96e8-a680e4caea0e_12.47 -> DT0  ,
L(R:DT20-DT7)                                            ,DT7                                            ,DT20         ,12.47 ,0.001 ,3P_UG_AL_4/0_25_12_47_0                ,0.00032 ,0.00026 ,0.12132  ,0.00076 ,0.00025 ,0.00025 ,330  ,1 ,ABC ,ABC_MV ,3_MV_330     ,sub_6271173a-9d78-4b65-96e8-a680e4caea0e_12.47 ,sub_6271173a-9d78-4b65-96e8-a680e4caea0e_12.47 -> DT0  ,
L(R:DT21-DT7)                                            ,DT21                                           ,DT7          ,12.47 ,0.045 ,3P_UG_AL_4/0_25_12_47_0                ,0.01455 ,0.01166 ,5.46108  ,0.03408 ,0.01134 ,0.01134 ,330  ,1 ,ABC ,ABC_MV ,3_MV_330     ,sub_6271173a-9d78-4b65-96e8-a680e4caea0e_12.47 ,sub_6271173a-9d78-4b65-96e8-a680e4caea0e_12.47 -> DT0  ,
L(R:DT21-DT3)                                            ,DT3                                            ,DT21         ,12.47 ,0.089 ,3P_UG_AL_4/0_25_12_47_0                ,0.02883 ,0.02310 ,10.81682 ,0.06751 ,0.02245 ,0.02245 ,330  ,1 ,ABC ,ABC_MV ,3_MV_330     ,sub_6271173a-9d78-4b65-96e8-a680e4caea0e_12.47 ,sub_6271173a-9d78-4b65-96e8-a680e4caea0e_12.47 -> DT0  ,
L(R:DT12-DT3)                                            ,DT12                                           ,DT3          ,12.47 ,0.111 ,3P_UG_AL_4/0_25_12_47_0                ,0.03574 ,0.02864 ,13.40972 ,0.08370 ,0.02783 ,0.02783 ,330  ,1 ,ABC ,ABC_MV ,3_MV_330     ,sub_6271173a-9d78-4b65-96e8-a680e4caea0e_12.47 ,sub_6271173a-9d78-4b65-96e8-a680e4caea0e_12.47 -> DT0  ,
L(R:DT12-DT23)                                           ,DT23                                           ,DT12         ,12.47 ,0.090 ,3P_UG_AL_4/0_25_12_47_0                ,0.02911 ,0.02333 ,10.92216 ,0.06817 ,0.02267 ,0.02267 ,330  ,1 ,ABC ,ABC_MV ,3_MV_330     ,sub_6271173a-9d78-4b65-96e8-a680e4caea0e_12.47 ,sub_6271173a-9d78-4b65-96e8-a680e4caea0e_12.47 -> DT0  ,
L(R:DT0-DT23)                                            ,DT0                                            ,DT23         ,12.47 ,0.050 ,3P_UG_AL_4/0_25_12_47_0                ,0.01611 ,0.01291 ,6.04515  ,0.03773 ,0.01255 ,0.01255 ,330  ,1 ,ABC ,ABC_MV ,3_MV_330     ,sub_6271173a-9d78-4b65-96e8-a680e4caea0e_12.47 ,sub_6271173a-9d78-4b65-96e8-a680e4caea0e_12.47 -> DT0  ,
L(R:DT0-sub_6271173a-9d78-4b65-96e8-a680e4caea0e_12.47)  ,sub_6271173a-9d78-4b65-96e8-a680e4caea0e_12.47 ,DT0          ,12.47 ,0.160 ,3P_UG_AL_4/0_25_12_47_0                ,0.05169 ,0.04143 ,19.39521 ,0.12105 ,0.04026 ,0.04026 ,330  ,1 ,ABC ,ABC_MV ,3_MV_330     ,sub_6271173a-9d78-4b65-96e8-a680e4caea0e_12.47 ,sub_6271173a-9d78-4b65-96e8-a680e4caea0e_12.47 -> DT0  ,
L(R:DT19-sub_6271173a-9d78-4b65-96e8-a680e4caea0e_12.47) ,sub_6271173a-9d78-4b65-96e8-a680e4caea0e_12.47 ,DT19         ,12.47 ,0.193 ,3P_UG_AL_4/0_25_12_47_0                ,0.06239 ,0.05000 ,23.40959 ,0.14611 ,0.04859 ,0.04859 ,330  ,1 ,ABC ,ABC_MV ,3_MV_330     ,sub_6271173a-9d78-4b65-96e8-a680e4caea0e_12.47 ,sub_6271173a-9d78-4b65-96e8-a680e4caea0e_12.47 -> DT19 ,
L(R:DT2-DT3)                                             ,DT2                                            ,DT3          ,12.47 ,0.112 ,3P_OH_AL_ACSR_1033kcmil_Curlew_12.47_1 ,0.00632 ,0.02851 ,2.01249  ,0.01706 ,0.09375 ,0.09375 ,1040 ,0 ,ABC ,ABC_MV ,3_MV_1040    ,True                                           ,True                                                   ,